peerId,jobId,submitTime,runTime
P23,U453-J1-T0,10,161
P23,U450-J1-T0,13,618
P8,U148-J1-T0,25,3
P19,U372-J1-T0,48,35
P19,U372-J1-T1,48,1720
P17,U325-J1-T0,53,46
P17,U325-J1-T1,53,4436
P17,U325-J1-T2,53,2514
P17,U325-J1-T3,53,1214
P17,U340-J1-T0,62,10
P4,U67-J1-T0,63,5
P4,U67-J1-T1,63,13
P4,U67-J1-T2,63,1
P4,U67-J1-T3,63,13
P4,U67-J1-T4,63,6
P4,U67-J1-T5,63,9
P11,U212-J1-T0,63,41
P22,U436-J1-T0,64,38
P1,U5-J1-T0,68,7
P8,U151-J1-T0,70,3172
P10,U196-J1-T0,70,58
P10,U196-J1-T1,70,127
P10,U196-J1-T2,70,20
P10,U196-J1-T3,70,142
P10,U196-J1-T4,70,589
P10,U196-J1-T5,70,270
P1,U2-J1-T0,72,4
P18,U344-J1-T0,75,69
P12,U228-J1-T0,87,5
P12,U228-J1-T1,87,10
P12,U228-J1-T2,87,51
P12,U228-J1-T3,87,34
P12,U228-J1-T4,87,5
P12,U228-J1-T5,87,2
P12,U228-J1-T6,87,712
P12,U228-J1-T7,87,7
P12,U228-J1-T8,87,2805
P18,U357-J1-T0,87,720
P18,U357-J1-T1,87,2077
P7,U138-J1-T0,88,122
P11,U217-J1-T0,88,4109
P13,U256-J1-T0,92,2331
P18,U358-J1-T0,92,16
P18,U358-J1-T1,92,119
P18,U358-J1-T2,92,3135
P21,U411-J1-T0,92,456
P2,U26-J1-T0,94,8
P2,U26-J1-T1,94,4
P2,U26-J1-T2,94,13
P2,U26-J1-T3,94,9
P2,U26-J1-T4,94,1
P29,U571-J1-T0,94,6
P3,U56-J1-T0,102,14
P3,U56-J1-T1,102,184
P3,U56-J1-T2,102,37
P3,U56-J1-T3,102,239
P15,U290-J1-T0,110,119
P15,U290-J1-T1,110,168
P21,U404-J1-T0,111,37
P4,U71-J1-T0,112,125
P4,U71-J1-T1,112,7
P4,U71-J1-T2,112,2
P4,U71-J1-T3,112,31
P4,U71-J1-T4,112,4
P4,U71-J1-T5,112,8
P4,U71-J1-T6,112,13
P4,U71-J1-T7,112,11
P4,U71-J1-T8,112,4
P4,U71-J1-T9,112,28
P4,U71-J1-T10,112,11
P4,U71-J1-T11,112,163
P4,U71-J1-T12,112,20
P4,U71-J1-T13,112,11
P4,U71-J1-T14,112,60
P4,U71-J1-T15,112,578
P11,U213-J1-T0,113,320
P14,U269-J1-T0,115,48
P14,U269-J1-T1,115,41
P14,U269-J1-T2,115,891
P14,U269-J1-T3,115,3
P14,U269-J1-T4,115,544
P23,U456-J1-T0,115,1360
P1,U12-J1-T0,117,78
P2,U36-J1-T0,117,21
P10,U196-J2-T0,120,110
P10,U196-J2-T1,120,10
P10,U196-J2-T2,120,85
P10,U196-J2-T3,120,377
P10,U196-J2-T4,120,247
P18,U352-J1-T0,120,9
P3,U52-J1-T0,125,70
P3,U52-J1-T1,125,8
P3,U52-J1-T2,125,5
P3,U52-J1-T3,125,366
P3,U52-J1-T4,125,100
P3,U52-J1-T5,125,57
P3,U52-J1-T6,125,17
P3,U52-J1-T7,125,96
P3,U52-J1-T8,125,20
P3,U52-J1-T9,125,14
P3,U52-J1-T10,125,8
P3,U52-J1-T11,125,11
P3,U52-J1-T12,125,6
P3,U52-J1-T13,125,4
P3,U52-J1-T14,125,20
P3,U52-J1-T15,125,103
P3,U52-J1-T16,125,15
P3,U52-J1-T17,125,40
P3,U52-J1-T18,125,5
P3,U52-J1-T19,125,48
P3,U52-J1-T20,125,8
P3,U52-J1-T21,125,12
P3,U52-J1-T22,125,385
P3,U52-J1-T23,125,18
P3,U52-J1-T24,125,20
P3,U52-J1-T25,125,11
P3,U52-J1-T26,125,75
P3,U52-J1-T27,125,13
P3,U52-J1-T28,125,56
P3,U52-J1-T29,125,25
P3,U52-J1-T30,125,73
P14,U273-J1-T0,125,1126
P25,U486-J1-T0,127,61
P22,U426-J1-T0,129,8701
P5,U95-J1-T0,135,251
P10,U185-J1-T0,138,4
P12,U239-J1-T0,138,3921
P20,U385-J1-T0,140,126
P20,U385-J1-T1,140,1309
P13,U254-J1-T0,144,5
P13,U254-J1-T1,144,176
P13,U254-J1-T2,144,1061
P13,U254-J1-T3,144,687
P13,U254-J1-T4,144,9
P13,U254-J1-T5,144,23
P13,U254-J1-T6,144,1326
P13,U254-J1-T7,144,732
P13,U254-J1-T8,144,349
P13,U254-J1-T9,144,2163
P13,U254-J1-T10,144,1163
P20,U397-J1-T0,146,1
P20,U397-J1-T1,146,22
P20,U397-J1-T2,146,4
P20,U397-J1-T3,146,538
P14,U265-J1-T0,147,2105
P4,U75-J1-T0,148,27
P4,U75-J1-T1,148,5
P4,U75-J1-T2,148,10
P4,U75-J1-T3,148,84
P3,U51-J1-T0,149,24
P3,U51-J1-T1,149,16
P3,U51-J1-T2,149,28
P19,U376-J1-T0,151,6
P19,U376-J1-T1,151,3
P19,U376-J1-T2,151,5
P19,U376-J1-T3,151,1
P19,U376-J1-T4,151,2
P19,U376-J1-T5,151,14
P19,U376-J1-T6,151,32
P19,U376-J1-T7,151,1
P3,U45-J1-T0,155,17
P3,U45-J1-T1,155,4
P18,U348-J1-T0,155,6
P26,U512-J1-T0,157,14
P11,U203-J1-T0,162,126
P22,U423-J1-T0,162,51
P22,U423-J1-T1,162,37
P22,U423-J1-T2,162,198
P24,U474-J1-T0,165,45
P24,U474-J1-T1,165,10
P24,U474-J1-T2,165,78
P24,U474-J1-T3,165,85
P24,U474-J1-T4,165,452
P24,U474-J1-T5,165,19
P24,U474-J1-T6,165,147
P24,U474-J1-T7,165,1202
P9,U180-J1-T0,166,1
P9,U180-J1-T1,166,249
P9,U180-J1-T2,166,398
P9,U180-J1-T3,166,188
P9,U180-J1-T4,166,1428
P9,U180-J1-T5,166,5
P9,U180-J1-T6,166,871
P9,U180-J1-T7,166,347
P14,U279-J1-T0,169,41
P14,U279-J1-T1,169,4332
P23,U455-J1-T0,170,323
P6,U120-J1-T0,171,3532
P6,U120-J1-T1,171,355
P27,U530-J1-T0,177,26
P24,U469-J1-T0,179,77
P3,U55-J1-T0,182,8
P5,U95-J2-T0,185,11
P7,U137-J1-T0,186,1490
P13,U254-J2-T0,192,2488
P26,U507-J1-T0,192,152
P26,U507-J1-T1,192,1037
P26,U507-J1-T2,192,2258
P5,U93-J1-T0,195,235
P5,U93-J1-T1,195,10
P5,U93-J1-T2,195,484
P25,U499-J1-T0,195,24
P25,U499-J1-T1,195,43
P27,U531-J1-T0,195,1470
P30,U593-J1-T0,197,36
P28,U546-J1-T0,205,335
P2,U40-J1-T0,207,46
P2,U40-J1-T1,207,12
P2,U40-J1-T2,207,25
P2,U40-J1-T3,207,13
P2,U40-J1-T4,207,118
P2,U40-J1-T5,207,80
P2,U40-J1-T6,207,21
P2,U40-J1-T7,207,3
P2,U40-J1-T8,207,6
P2,U40-J1-T9,207,8
P2,U40-J1-T10,207,3
P2,U40-J1-T11,207,3
P13,U244-J1-T0,209,247
P20,U386-J1-T0,211,626
P23,U452-J1-T0,212,2462
P4,U69-J1-T0,213,74
P4,U69-J1-T1,213,434
P4,U62-J1-T0,221,4
P8,U151-J2-T0,221,259
P8,U151-J2-T1,221,654
P12,U221-J1-T0,223,130
P12,U221-J1-T1,223,1404
P12,U221-J1-T2,223,57
P12,U221-J1-T3,223,701
P12,U221-J1-T4,223,71
P27,U535-J1-T0,224,4004
P27,U535-J1-T1,224,4521
P25,U497-J1-T0,227,42
P29,U568-J1-T0,229,2
P22,U424-J1-T0,230,20
P25,U495-J1-T0,231,12
P25,U495-J1-T1,231,41
P25,U495-J1-T2,231,92
P25,U495-J1-T3,231,70
P25,U495-J1-T4,231,90
P3,U42-J1-T0,232,9
P3,U42-J1-T1,232,0
P11,U211-J1-T0,236,2899
P18,U354-J1-T0,236,40
P18,U354-J1-T1,236,63
P10,U191-J1-T0,237,108
P19,U377-J1-T0,244,4
P19,U377-J1-T1,244,5
P19,U377-J1-T2,244,4
P19,U377-J1-T3,244,1
P19,U377-J1-T4,244,2
P19,U377-J1-T5,244,15
P19,U377-J1-T6,244,4403
P6,U117-J1-T0,246,120
P19,U378-J1-T0,246,28
P19,U378-J1-T1,246,1
P19,U378-J1-T2,246,3
P19,U378-J1-T3,246,1
P19,U378-J1-T4,246,14
P19,U378-J1-T5,246,2
P19,U378-J1-T6,246,48
P19,U378-J1-T7,246,1
P19,U378-J1-T8,246,10
P19,U378-J1-T9,246,8
P19,U378-J1-T10,246,13
P19,U378-J1-T11,246,3
P19,U378-J1-T12,246,51
P19,U378-J1-T13,246,43
P19,U378-J1-T14,246,47
P19,U378-J1-T15,246,14
P19,U378-J1-T16,246,4
P19,U378-J1-T17,246,71
P19,U378-J1-T18,246,206
P19,U378-J1-T19,246,41
P19,U378-J1-T20,246,3
P19,U378-J1-T21,246,2
P19,U378-J1-T22,246,2
P19,U378-J1-T23,246,3
P19,U378-J1-T24,246,5
P19,U378-J1-T25,246,4
P19,U378-J1-T26,246,5
P19,U378-J1-T27,246,727
P30,U584-J1-T0,253,787
P4,U66-J1-T0,256,27
P2,U35-J1-T0,259,24
P4,U62-J2-T0,260,12
P5,U96-J1-T0,265,7
P29,U577-J1-T0,266,628
P5,U91-J1-T0,268,3
P5,U91-J1-T1,268,17
P5,U91-J1-T2,268,1
P5,U91-J1-T3,268,2
P14,U262-J1-T0,269,1055
P2,U25-J1-T0,270,280
P2,U25-J1-T1,270,1073
P2,U25-J1-T2,270,5
P2,U25-J1-T3,270,16
P2,U25-J1-T4,270,12
P2,U25-J1-T5,270,6
P2,U25-J1-T6,270,13
P2,U25-J1-T7,270,368
P2,U25-J1-T8,270,5
P2,U25-J1-T9,270,10
P2,U25-J1-T10,270,10
P2,U25-J1-T11,270,4
P2,U25-J1-T12,270,105
P2,U25-J1-T13,270,16
P2,U25-J1-T14,270,12
P2,U25-J1-T15,270,6
P2,U25-J1-T16,270,31
P2,U25-J1-T17,270,15
P2,U25-J1-T18,270,5
P2,U25-J1-T19,270,72
P2,U25-J1-T20,270,18
P2,U25-J1-T21,270,88
P2,U25-J1-T22,270,21
P2,U25-J1-T23,270,6
P2,U25-J1-T24,270,6
P2,U25-J1-T25,270,15
P2,U25-J1-T26,270,2
P2,U25-J1-T27,270,439
P2,U25-J1-T28,270,27
P2,U25-J1-T29,270,4
P2,U25-J1-T30,270,10
P2,U25-J1-T31,270,9
P2,U25-J1-T32,270,6
P2,U25-J1-T33,270,4
P2,U25-J1-T34,270,211
P5,U97-J1-T0,273,13
P5,U97-J1-T1,273,3
P5,U97-J1-T2,273,17
P5,U97-J1-T3,273,14
P13,U242-J1-T0,275,101
P21,U407-J1-T0,278,348
P25,U490-J1-T0,278,47
P25,U490-J1-T1,278,10
P25,U490-J1-T2,278,32
P25,U490-J1-T3,278,226
P25,U490-J1-T4,278,11
P25,U490-J1-T5,278,853
P2,U28-J1-T0,280,10
P22,U426-J2-T0,281,1155
P22,U426-J2-T1,281,329
P2,U33-J1-T0,285,12
P2,U33-J1-T1,285,4
P2,U33-J1-T2,285,16
P2,U33-J1-T3,285,10
P2,U33-J1-T4,285,162
P2,U33-J1-T5,285,22
P2,U33-J1-T6,285,20
P2,U33-J1-T7,285,3
P2,U33-J1-T8,285,38
P2,U33-J1-T9,285,32
P2,U33-J1-T10,285,68
P2,U33-J1-T11,285,6
P2,U33-J1-T12,285,4
P2,U33-J1-T13,285,833
P10,U199-J1-T0,286,586
P21,U413-J1-T0,290,9
P24,U461-J1-T0,290,50
P24,U461-J1-T1,290,8
P24,U461-J1-T2,290,133
P24,U461-J1-T3,290,9
P24,U461-J1-T4,290,19
P24,U461-J1-T5,290,139
P24,U461-J1-T6,290,58
P24,U461-J1-T7,290,17
P24,U461-J1-T8,290,79
P24,U461-J1-T9,290,19
P24,U461-J1-T10,290,566
P24,U461-J1-T11,290,238
P24,U461-J1-T12,290,13
P24,U461-J1-T13,290,22
P24,U461-J1-T14,290,541
P24,U461-J1-T15,290,34
P24,U461-J1-T16,290,15
P24,U461-J1-T17,290,13
P24,U461-J1-T18,290,59
P24,U461-J1-T19,290,48
P24,U461-J1-T20,290,118
P24,U461-J1-T21,290,96
P24,U461-J1-T22,290,38
P24,U461-J1-T23,290,10
P24,U461-J1-T24,290,33
P24,U461-J1-T25,290,105
P3,U41-J1-T0,293,14
P3,U41-J1-T1,293,4
P3,U41-J1-T2,293,34
P3,U41-J1-T3,293,3
P3,U41-J1-T4,293,4
P3,U41-J1-T5,293,5
P3,U41-J1-T6,293,6
P3,U41-J1-T7,293,47
P3,U41-J1-T8,293,6
P3,U41-J1-T9,293,1224
P3,U41-J1-T10,293,6
P3,U41-J1-T11,293,62
P3,U41-J1-T12,293,17
P3,U41-J1-T13,293,3
P3,U41-J1-T14,293,296
P3,U41-J1-T15,293,19
P3,U41-J1-T16,293,36
P3,U41-J1-T17,293,8
P3,U41-J1-T18,293,31
P3,U41-J1-T19,293,97
P3,U41-J1-T20,293,5
P3,U41-J1-T21,293,2038
P3,U41-J1-T22,293,8
P3,U41-J1-T23,293,8
P3,U41-J1-T24,293,42
P3,U41-J1-T25,293,9
P3,U41-J1-T26,293,40
P3,U41-J1-T27,293,17
P3,U41-J1-T28,293,3
P3,U41-J1-T29,293,5
P3,U41-J1-T30,293,27
P3,U41-J1-T31,293,16
P3,U41-J1-T32,293,8
P3,U41-J1-T33,293,316
P3,U41-J1-T34,293,178
P3,U41-J1-T35,293,118
P3,U41-J1-T36,293,8
P3,U41-J1-T37,293,511
P26,U512-J2-T0,299,91
P24,U472-J1-T0,302,30
P24,U472-J1-T1,302,76
P24,U472-J1-T2,302,474
P24,U472-J1-T3,302,22
P24,U472-J1-T4,302,7
P24,U472-J1-T5,302,8
P24,U472-J1-T6,302,8
P24,U472-J1-T7,302,22
P24,U472-J1-T8,302,1115
P28,U542-J1-T0,304,214
P23,U446-J1-T0,305,1767
P11,U217-J2-T0,307,5897
P26,U519-J1-T0,307,390
P7,U137-J2-T0,310,736
P7,U140-J1-T0,314,624
P19,U363-J1-T0,315,3
P1,U5-J2-T0,316,15
P22,U421-J1-T0,319,10
P22,U421-J1-T1,319,19
P22,U421-J1-T2,319,110
P25,U500-J1-T0,319,5
P25,U500-J1-T1,319,50
P25,U500-J1-T2,319,459
P25,U500-J1-T3,319,20
P12,U234-J1-T0,324,4424
P12,U234-J1-T1,324,1181
P16,U318-J1-T0,325,5
P16,U318-J1-T1,325,35
P16,U318-J1-T2,325,51
P16,U318-J1-T3,325,15
P16,U318-J1-T4,325,4
P16,U318-J1-T5,325,102
P14,U267-J1-T0,326,2055
P14,U267-J1-T1,326,120
P14,U267-J1-T2,326,4
P14,U267-J1-T3,326,12
P14,U267-J1-T4,326,46
P14,U267-J1-T5,326,3921
P14,U273-J2-T0,330,2264
P25,U492-J1-T0,336,83
P23,U455-J2-T0,340,116
P23,U455-J2-T1,340,201
P23,U455-J2-T2,340,50
P23,U455-J2-T3,340,242
P23,U455-J2-T4,340,8
P23,U455-J2-T5,340,3
P23,U455-J2-T6,340,424
P23,U455-J2-T7,340,55
P23,U455-J2-T8,340,1562
P4,U68-J1-T0,341,19
P4,U73-J1-T0,342,16
P4,U73-J1-T1,342,9
P4,U73-J1-T2,342,78
P4,U73-J1-T3,342,5
P4,U73-J1-T4,342,12
P4,U73-J1-T5,342,4
P4,U73-J1-T6,342,149
P4,U73-J1-T7,342,3
P4,U73-J1-T8,342,13
P4,U73-J1-T9,342,18
P4,U73-J1-T10,342,38
P4,U73-J1-T11,342,21
P4,U73-J1-T12,342,4
P4,U73-J1-T13,342,3
P4,U73-J1-T14,342,31
P4,U73-J1-T15,342,26
P4,U73-J1-T16,342,8
P4,U73-J1-T17,342,6
P4,U73-J1-T18,342,104
P4,U73-J1-T19,342,24
P4,U73-J1-T20,342,12
P4,U73-J1-T21,342,4
P4,U73-J1-T22,342,18
P4,U73-J1-T23,342,18
P4,U73-J1-T24,342,3
P3,U46-J1-T0,343,11
P3,U46-J1-T1,343,15
P3,U46-J1-T2,343,1
P2,U36-J2-T0,344,4
P2,U36-J2-T1,344,11
P2,U36-J2-T2,344,10
P2,U36-J2-T3,344,10
P2,U36-J2-T4,344,12
P2,U36-J2-T5,344,25
P15,U289-J1-T0,345,3
P15,U289-J1-T1,345,33
P15,U289-J1-T2,345,12
P15,U289-J1-T3,345,19
P15,U289-J1-T4,345,43
P15,U289-J1-T5,345,22
P15,U289-J1-T6,345,167
P15,U289-J1-T7,345,33
P15,U289-J1-T8,345,81
P15,U289-J1-T9,345,4
P15,U289-J1-T10,345,172
P18,U360-J1-T0,346,120
P12,U227-J1-T0,347,4377
P17,U331-J1-T0,347,46
P17,U331-J1-T1,347,327
P21,U419-J1-T0,348,87
P20,U398-J1-T0,349,134
P20,U397-J2-T0,353,7
P21,U420-J1-T0,356,34
P18,U344-J2-T0,357,70
P29,U561-J1-T0,357,2
P29,U561-J1-T1,357,7026
P29,U561-J1-T2,357,24
P4,U66-J2-T0,358,2
P4,U66-J2-T1,358,5
P4,U66-J2-T2,358,51
P4,U66-J2-T3,358,47
P3,U57-J1-T0,360,43
P3,U57-J1-T1,360,20
P3,U47-J1-T0,364,24
P23,U457-J1-T0,368,3658
P3,U54-J1-T0,369,5
P2,U35-J2-T0,374,7
P2,U35-J2-T1,374,14
P2,U33-J2-T0,375,5
P2,U33-J2-T1,375,2
P2,U33-J2-T2,375,8
P6,U101-J1-T0,377,699
P6,U101-J1-T1,377,149
P6,U101-J1-T2,377,22
P6,U101-J1-T3,377,106
P6,U101-J1-T4,377,205
P6,U101-J1-T5,377,918
P6,U101-J1-T6,377,312
P2,U30-J1-T0,381,9
P2,U30-J1-T1,381,5
P2,U30-J1-T2,381,22
P2,U30-J1-T3,381,43
P27,U527-J1-T0,381,1979
P22,U427-J1-T0,384,6223
P22,U427-J1-T1,384,210
P22,U427-J1-T2,384,148
P5,U85-J1-T0,390,69
P3,U59-J1-T0,398,8
P3,U59-J1-T1,398,3
P3,U59-J1-T2,398,31
P19,U372-J2-T0,401,721
P19,U372-J2-T1,401,2163
P10,U189-J1-T0,404,82
P18,U341-J1-T0,407,325
P5,U81-J1-T0,411,6
P5,U81-J1-T1,411,17
P5,U81-J1-T2,411,8
P5,U81-J1-T3,411,123
P17,U332-J1-T0,415,6099
P15,U286-J1-T0,418,4674
P4,U69-J2-T0,422,5
P27,U526-J1-T0,423,271
P27,U526-J1-T1,423,187
P27,U526-J1-T2,423,163
P27,U526-J1-T3,423,288
P27,U526-J1-T4,423,108
P27,U526-J1-T5,423,107
P27,U526-J1-T6,423,60
P27,U526-J1-T7,423,49
P27,U526-J1-T8,423,131
P27,U526-J1-T9,423,28
P27,U526-J1-T10,423,51
P27,U526-J1-T11,423,40
P27,U526-J1-T12,423,515
P27,U526-J1-T13,423,152
P27,U526-J1-T14,423,66
P27,U526-J1-T15,423,114
P27,U526-J1-T16,423,186
P27,U526-J1-T17,423,105
P27,U526-J1-T18,423,22
P27,U526-J1-T19,423,151
P27,U526-J1-T20,423,42
P27,U526-J1-T21,423,128
P27,U526-J1-T22,423,609
P27,U526-J1-T23,423,251
P27,U526-J1-T24,423,127
P27,U526-J1-T25,423,467
P27,U526-J1-T26,423,780
P27,U526-J1-T27,423,101
P27,U526-J1-T28,423,156
P27,U526-J1-T29,423,65
P27,U526-J1-T30,423,167
P27,U526-J1-T31,423,137
P27,U526-J1-T32,423,167
P27,U526-J1-T33,423,178
P27,U526-J1-T34,423,271
P27,U526-J1-T35,423,272
P27,U526-J1-T36,423,151
P27,U526-J1-T37,423,297
P27,U526-J1-T38,423,63
P27,U526-J1-T39,423,160
P27,U526-J1-T40,423,156
P27,U526-J1-T41,423,87
P18,U358-J2-T0,424,402
P24,U467-J1-T0,425,1843
P4,U63-J1-T0,426,76
P4,U63-J1-T1,426,5
P4,U63-J1-T2,426,19
P4,U63-J1-T3,426,7
P4,U63-J1-T4,426,5
P29,U570-J1-T0,426,827
P1,U10-J1-T0,427,38
P1,U10-J1-T1,427,40
P24,U478-J1-T0,427,26
P24,U478-J1-T1,427,33
P23,U458-J1-T0,429,15
P23,U458-J1-T1,429,144
P23,U458-J1-T2,429,490
P23,U458-J1-T3,429,24
P23,U458-J1-T4,429,128
P23,U458-J1-T5,429,11
P23,U458-J1-T6,429,10
P23,U458-J1-T7,429,175
P23,U458-J1-T8,429,72
P23,U458-J1-T9,429,145
P23,U458-J1-T10,429,4116
P4,U61-J1-T0,432,3
P22,U428-J1-T0,436,116
P15,U289-J2-T0,438,13
P15,U289-J2-T1,438,56
P15,U289-J2-T2,438,8
P15,U289-J2-T3,438,478
P15,U289-J2-T4,438,6
P15,U289-J2-T5,438,1232
P15,U289-J2-T6,438,96
P15,U289-J2-T7,438,160
P5,U88-J1-T0,439,16
P5,U88-J1-T1,439,21
P5,U88-J1-T2,439,88
P5,U88-J1-T3,439,260
P17,U339-J1-T0,439,23
P17,U339-J1-T1,439,176
P16,U301-J1-T0,440,63
P20,U394-J1-T0,441,3717
P4,U67-J2-T0,445,9
P4,U67-J2-T1,445,21
P4,U67-J2-T2,445,3
P4,U67-J2-T3,445,1
P4,U67-J2-T4,445,6
P4,U67-J2-T5,445,16
P4,U67-J2-T6,445,9
P4,U67-J2-T7,445,7
P4,U67-J2-T8,445,9
P4,U67-J2-T9,445,1
P4,U67-J2-T10,445,13
P4,U67-J2-T11,445,1
P4,U67-J2-T12,445,38
P4,U67-J2-T13,445,2
P4,U67-J2-T14,445,4
P4,U67-J2-T15,445,4
P4,U67-J2-T16,445,3
P4,U67-J2-T17,445,1
P4,U67-J2-T18,445,1
P4,U67-J2-T19,445,27
P4,U67-J2-T20,445,11
P4,U67-J2-T21,445,7
P4,U67-J2-T22,445,3
P4,U67-J2-T23,445,22
P4,U67-J2-T24,445,3
P4,U67-J2-T25,445,3
P4,U67-J2-T26,445,1
P4,U67-J2-T27,445,2
P4,U67-J2-T28,445,2
P4,U67-J2-T29,445,8
P4,U67-J2-T30,445,0
P4,U67-J2-T31,445,6
P4,U67-J2-T32,445,22
P4,U67-J2-T33,445,24
P4,U67-J2-T34,445,44
P4,U67-J2-T35,445,14
P4,U67-J2-T36,445,7
P4,U67-J2-T37,445,24
P4,U67-J2-T38,445,2
P4,U67-J2-T39,445,3
P4,U67-J2-T40,445,3
P4,U67-J2-T41,445,1
P4,U67-J2-T42,445,5
P4,U67-J2-T43,445,2
P4,U67-J2-T44,445,5
P4,U67-J2-T45,445,5
P4,U67-J2-T46,445,7
P4,U67-J2-T47,445,4
P4,U67-J2-T48,445,6
P4,U67-J2-T49,445,24
P4,U67-J2-T50,445,2
P4,U67-J2-T51,445,4
P4,U67-J2-T52,445,6
P4,U67-J2-T53,445,10
P4,U67-J2-T54,445,10
P4,U67-J2-T55,445,4
P4,U67-J2-T56,445,2
P4,U67-J2-T57,445,40
P4,U67-J2-T58,445,9
P4,U67-J2-T59,445,1
P4,U67-J2-T60,445,1
P4,U67-J2-T61,445,6
P4,U67-J2-T62,445,1
P4,U67-J2-T63,445,0
P4,U67-J2-T64,445,3
P4,U67-J2-T65,445,55
P4,U67-J2-T66,445,3
P4,U67-J2-T67,445,3
P4,U67-J2-T68,445,21
P4,U67-J2-T69,445,14
P4,U67-J2-T70,445,14
P4,U67-J2-T71,445,8
P4,U67-J2-T72,445,5
P4,U67-J2-T73,445,65
P4,U67-J2-T74,445,6
P4,U67-J2-T75,445,1
P4,U67-J2-T76,445,9
P4,U67-J2-T77,445,3
P4,U67-J2-T78,445,8
P4,U67-J2-T79,445,6
P4,U67-J2-T80,445,5
P4,U67-J2-T81,445,4
P4,U67-J2-T82,445,58
P4,U67-J2-T83,445,2
P4,U67-J2-T84,445,8
P4,U67-J2-T85,445,8
P4,U67-J2-T86,445,10
P4,U67-J2-T87,445,1
P4,U67-J2-T88,445,63
P4,U67-J2-T89,445,1
P4,U67-J2-T90,445,9
P4,U67-J2-T91,445,1
P4,U67-J2-T92,445,1
P4,U67-J2-T93,445,36
P4,U67-J2-T94,445,7
P4,U67-J2-T95,445,68
P4,U67-J2-T96,445,21
P4,U67-J2-T97,445,1
P4,U67-J2-T98,445,16
P20,U398-J2-T0,450,34
P16,U305-J1-T0,452,1
P16,U305-J1-T1,452,3
P16,U305-J1-T2,452,11
P16,U305-J1-T3,452,1
P16,U305-J1-T4,452,1
P16,U305-J1-T5,452,91
P3,U50-J1-T0,453,3
P18,U352-J2-T0,456,128
P5,U87-J1-T0,461,100
P5,U87-J1-T1,461,76
P5,U87-J1-T2,461,23
P5,U87-J1-T3,461,3
P5,U87-J1-T4,461,33
P5,U87-J1-T5,461,2
P5,U87-J1-T6,461,8
P5,U87-J1-T7,461,39
P5,U87-J1-T8,461,3
P5,U87-J1-T9,461,3
P5,U87-J1-T10,461,3
P5,U87-J1-T11,461,6
P5,U87-J1-T12,461,8
P5,U87-J1-T13,461,2
P5,U87-J1-T14,461,20
P5,U87-J1-T15,461,3
P5,U87-J1-T16,461,7
P5,U87-J1-T17,461,3
P5,U87-J1-T18,461,6
P5,U87-J1-T19,461,10
P5,U87-J1-T20,461,9
P5,U87-J1-T21,461,5
P5,U87-J1-T22,461,5
P5,U87-J1-T23,461,5
P5,U87-J1-T24,461,14
P5,U87-J1-T25,461,4
P5,U87-J1-T26,461,2
P5,U87-J1-T27,461,5
P5,U87-J1-T28,461,44
P5,U87-J1-T29,461,25
P5,U87-J1-T30,461,11
P5,U87-J1-T31,461,0
P5,U87-J1-T32,461,3
P5,U87-J1-T33,461,7
P5,U87-J1-T34,461,42
P5,U87-J1-T35,461,18
P5,U87-J1-T36,461,75
P5,U87-J1-T37,461,8
P5,U87-J1-T38,461,21
P5,U87-J1-T39,461,7
P5,U87-J1-T40,461,7
P5,U87-J1-T41,461,10
P5,U87-J1-T42,461,14
P5,U87-J1-T43,461,1
P5,U87-J1-T44,461,30
P5,U87-J1-T45,461,53
P5,U87-J1-T46,461,2
P5,U87-J1-T47,461,18
P5,U87-J1-T48,461,65
P5,U87-J1-T49,461,11
P5,U87-J1-T50,461,3
P5,U87-J1-T51,461,21
P5,U87-J1-T52,461,5
P5,U87-J1-T53,461,3
P5,U87-J1-T54,461,3
P5,U87-J1-T55,461,6
P5,U87-J1-T56,461,8
P5,U87-J1-T57,461,78
P5,U87-J1-T58,461,3
P5,U87-J1-T59,461,4
P5,U87-J1-T60,461,4
P5,U87-J1-T61,461,62
P5,U87-J1-T62,461,7
P5,U87-J1-T63,461,16
P5,U87-J1-T64,461,5
P5,U87-J1-T65,461,1
P5,U87-J1-T66,461,22
P5,U87-J1-T67,461,5
P5,U87-J1-T68,461,26
P5,U87-J1-T69,461,0
P5,U87-J1-T70,461,2
P5,U87-J1-T71,461,8
P5,U87-J1-T72,461,2
P5,U87-J1-T73,461,3
P5,U87-J1-T74,461,14
P5,U87-J1-T75,461,6
P5,U87-J1-T76,461,2
P5,U87-J1-T77,461,55
P5,U87-J1-T78,461,4
P5,U87-J1-T79,461,16
P5,U87-J1-T80,461,2
P5,U87-J1-T81,461,1
P5,U87-J1-T82,461,42
P5,U87-J1-T83,461,9
P5,U87-J1-T84,461,2
P5,U87-J1-T85,461,7
P5,U87-J1-T86,461,4
P5,U87-J1-T87,461,3
P5,U87-J1-T88,461,2
P5,U87-J1-T89,461,31
P5,U87-J1-T90,461,1
P5,U87-J1-T91,461,21
P5,U87-J1-T92,461,3
P5,U87-J1-T93,461,7
P5,U87-J1-T94,461,1
P5,U87-J1-T95,461,8
P5,U87-J1-T96,461,5
P5,U87-J1-T97,461,7
P5,U87-J1-T98,461,3
P5,U87-J1-T99,461,6
P5,U87-J1-T100,461,20
P5,U87-J1-T101,461,2
P5,U87-J1-T102,461,1
P5,U87-J1-T103,461,6
P5,U87-J1-T104,461,2
P5,U87-J1-T105,461,36
P5,U87-J1-T106,461,15
P5,U87-J1-T107,461,8
P5,U87-J1-T108,461,6
P5,U87-J1-T109,461,22
P5,U87-J1-T110,461,29
P5,U87-J1-T111,461,4
P5,U87-J1-T112,461,3
P5,U87-J1-T113,461,29
P5,U87-J1-T114,461,3
P5,U87-J1-T115,461,3
P5,U87-J1-T116,461,5
P5,U87-J1-T117,461,14
P5,U87-J1-T118,461,3
P5,U87-J1-T119,461,1
P5,U87-J1-T120,461,9
P5,U87-J1-T121,461,3
P5,U87-J1-T122,461,9
P5,U87-J1-T123,461,1
P5,U87-J1-T124,461,2
P5,U87-J1-T125,461,50
P5,U87-J1-T126,461,4
P5,U87-J1-T127,461,1
P5,U87-J1-T128,461,2
P5,U87-J1-T129,461,6
P5,U87-J1-T130,461,5
P5,U87-J1-T131,461,220
P5,U87-J1-T132,461,1
P5,U87-J1-T133,461,4
P5,U87-J1-T134,461,8
P5,U87-J1-T135,461,10
P5,U87-J1-T136,461,10
P5,U87-J1-T137,461,1
P5,U87-J1-T138,461,6
P5,U87-J1-T139,461,1
P5,U87-J1-T140,461,6
P5,U87-J1-T141,461,26
P5,U87-J1-T142,461,5
P5,U87-J1-T143,461,14
P5,U87-J1-T144,461,5
P5,U87-J1-T145,461,1
P5,U87-J1-T146,461,2
P5,U87-J1-T147,461,3
P5,U87-J1-T148,461,14
P5,U87-J1-T149,461,6
P5,U87-J1-T150,461,25
P5,U87-J1-T151,461,10
P5,U87-J1-T152,461,2
P5,U87-J1-T153,461,24
P5,U87-J1-T154,461,12
P5,U87-J1-T155,461,8
P5,U87-J1-T156,461,5
P5,U87-J1-T157,461,1
P5,U87-J1-T158,461,75
P5,U87-J1-T159,461,12
P5,U87-J1-T160,461,14
P5,U87-J1-T161,461,8
P5,U87-J1-T162,461,3
P5,U87-J1-T163,461,1
P5,U87-J1-T164,461,8
P5,U87-J1-T165,461,6
P5,U87-J1-T166,461,10
P5,U87-J1-T167,461,6
P5,U87-J1-T168,461,22
P5,U87-J1-T169,461,19
P5,U87-J1-T170,461,3
P5,U87-J1-T171,461,7
P5,U87-J1-T172,461,2
P5,U87-J1-T173,461,15
P5,U87-J1-T174,461,20
P5,U87-J1-T175,461,9
P5,U87-J1-T176,461,23
P5,U87-J1-T177,461,5
P5,U87-J1-T178,461,3
P5,U87-J1-T179,461,6
P5,U87-J1-T180,461,0
P5,U87-J1-T181,461,18
P5,U87-J1-T182,461,3
P5,U87-J1-T183,461,1
P5,U87-J1-T184,461,2
P5,U87-J1-T185,461,35
P5,U87-J1-T186,461,0
P5,U87-J1-T187,461,23
P5,U87-J1-T188,461,2
P5,U87-J1-T189,461,15
P5,U87-J1-T190,461,32
P5,U87-J1-T191,461,12
P5,U87-J1-T192,461,3
P5,U87-J1-T193,461,2
P5,U87-J1-T194,461,11
P5,U87-J1-T195,461,13
P5,U87-J1-T196,461,3
P5,U87-J1-T197,461,4
P5,U87-J1-T198,461,1
P5,U87-J1-T199,461,4
P5,U87-J1-T200,461,2
P5,U87-J1-T201,461,24
P5,U87-J1-T202,461,8
P5,U87-J1-T203,461,6
P5,U87-J1-T204,461,3
P5,U87-J1-T205,461,5
P5,U87-J1-T206,461,5
P5,U87-J1-T207,461,42
P5,U87-J1-T208,461,55
P5,U87-J1-T209,461,1
P5,U87-J1-T210,461,6
P5,U87-J1-T211,461,16
P5,U87-J1-T212,461,1
P5,U87-J1-T213,461,2
P5,U87-J1-T214,461,7
P5,U87-J1-T215,461,1
P5,U87-J1-T216,461,2
P5,U87-J1-T217,461,3
P5,U87-J1-T218,461,4
P5,U87-J1-T219,461,4
P5,U87-J1-T220,461,2
P5,U87-J1-T221,461,6
P5,U87-J1-T222,461,5
P5,U87-J1-T223,461,0
P5,U87-J1-T224,461,5
P5,U87-J1-T225,461,0
P5,U87-J1-T226,461,20
P5,U87-J1-T227,461,8
P5,U87-J1-T228,461,18
P5,U87-J1-T229,461,77
P5,U87-J1-T230,461,16
P5,U87-J1-T231,461,4
P5,U87-J1-T232,461,14
P5,U87-J1-T233,461,5
P5,U87-J1-T234,461,11
P5,U87-J1-T235,461,21
P5,U87-J1-T236,461,1
P5,U87-J1-T237,461,11
P5,U87-J1-T238,461,4
P5,U87-J1-T239,461,7
P5,U87-J1-T240,461,15
P5,U87-J1-T241,461,41
P2,U38-J1-T0,463,3
P2,U38-J1-T1,463,2
P27,U522-J1-T0,465,197
P27,U522-J1-T1,465,346
P27,U522-J1-T2,465,197
P27,U522-J1-T3,465,97
P27,U522-J1-T4,465,215
P27,U522-J1-T5,465,6150
P12,U239-J2-T0,469,720
P23,U452-J2-T0,469,2256
P23,U452-J2-T1,469,695
P23,U452-J2-T2,469,3564
P23,U452-J2-T3,469,266
P21,U407-J2-T0,470,74
P21,U407-J2-T1,470,31
P21,U407-J2-T2,470,1277
P24,U480-J1-T0,471,310
P2,U35-J3-T0,476,532
P2,U35-J3-T1,476,301
P2,U35-J3-T2,476,6
P2,U35-J3-T3,476,5
P2,U35-J3-T4,476,236
P2,U35-J3-T5,476,6
P2,U35-J3-T6,476,4
P2,U35-J3-T7,476,15
P2,U35-J3-T8,476,12
P2,U35-J3-T9,476,14
P2,U35-J3-T10,476,3
P2,U35-J3-T11,476,34
P2,U35-J3-T12,476,30
P2,U35-J3-T13,476,6
P2,U35-J3-T14,476,12
P2,U35-J3-T15,476,17
P2,U35-J3-T16,476,21
P2,U35-J3-T17,476,68
P2,U35-J3-T18,476,2
P2,U35-J3-T19,476,46
P2,U35-J3-T20,476,29
P2,U35-J3-T21,476,13
P2,U35-J3-T22,476,4
P2,U35-J3-T23,476,5
P2,U35-J3-T24,476,47
P2,U35-J3-T25,476,94
P2,U35-J3-T26,476,78
P2,U35-J3-T27,476,4
P2,U35-J3-T28,476,6
P2,U35-J3-T29,476,327
P2,U35-J3-T30,476,5
P2,U35-J3-T31,476,4
P2,U35-J3-T32,476,156
P4,U79-J1-T0,477,7
P4,U79-J1-T1,477,4
P4,U79-J1-T2,477,9
P4,U79-J1-T3,477,4
P4,U79-J1-T4,477,8
P19,U376-J2-T0,482,3
P19,U376-J2-T1,482,2
P19,U376-J2-T2,482,4
P19,U376-J2-T3,482,2
P21,U417-J1-T0,485,1096
P19,U379-J1-T0,488,84
P11,U209-J1-T0,492,132
P26,U518-J1-T0,494,1425
P26,U518-J1-T1,494,553
P5,U81-J2-T0,495,6
P5,U81-J2-T1,495,67
P5,U81-J2-T2,495,6
P5,U81-J2-T3,495,3
P5,U81-J2-T4,495,81
P5,U81-J2-T5,495,71
P5,U81-J2-T6,495,6
P5,U81-J2-T7,495,13
P5,U81-J2-T8,495,9
P5,U81-J2-T9,495,9
P5,U81-J2-T10,495,32
P5,U81-J2-T11,495,6
P5,U81-J2-T12,495,15
P5,U81-J2-T13,495,9
P5,U81-J2-T14,495,40
P5,U81-J2-T15,495,601
P5,U81-J2-T16,495,101
P5,U81-J2-T17,495,89
P5,U81-J2-T18,495,1157
P5,U81-J2-T19,495,23
P5,U81-J2-T20,495,26
P5,U81-J2-T21,495,4
P5,U81-J2-T22,495,18
P5,U81-J2-T23,495,4
P5,U81-J2-T24,495,12
P5,U81-J2-T25,495,29
P5,U81-J2-T26,495,672
P5,U81-J2-T27,495,51
P5,U81-J2-T28,495,14
P5,U81-J2-T29,495,38
P5,U81-J2-T30,495,1610
P5,U81-J2-T31,495,8
P5,U81-J2-T32,495,19
P5,U81-J2-T33,495,8
P5,U81-J2-T34,495,4
P5,U81-J2-T35,495,4
P5,U81-J2-T36,495,68
P5,U81-J2-T37,495,3
P5,U81-J2-T38,495,9
P5,U81-J2-T39,495,52
P5,U81-J2-T40,495,195
P8,U156-J1-T0,495,99
P8,U156-J1-T1,495,242
P8,U156-J1-T2,495,16
P8,U156-J1-T3,495,74
P8,U156-J1-T4,495,8171
P11,U212-J2-T0,500,120
P14,U269-J2-T0,504,285
P29,U567-J1-T0,505,2462
P24,U473-J1-T0,508,60
P24,U473-J1-T1,508,3112
P24,U473-J1-T2,508,25
P24,U473-J1-T3,508,24
P24,U473-J1-T4,508,101
P24,U473-J1-T5,508,4102
P24,U473-J1-T6,508,200
P24,U473-J1-T7,508,22
P24,U473-J1-T8,508,22
P24,U473-J1-T9,508,9
P5,U92-J1-T0,511,11
P25,U489-J1-T0,516,978
P10,U192-J1-T0,518,9
P10,U192-J1-T1,518,151
P18,U343-J1-T0,518,20
P26,U515-J1-T0,522,4285
P12,U227-J2-T0,526,302
P6,U102-J1-T0,531,3275
P6,U102-J1-T1,531,353
P6,U102-J1-T2,531,376
P6,U102-J1-T3,531,43
P6,U102-J1-T4,531,44
P6,U102-J1-T5,531,820
P28,U546-J2-T0,531,3510
P5,U82-J1-T0,536,11
P5,U82-J1-T1,536,77
P5,U86-J1-T0,537,163
P2,U25-J2-T0,540,9
P18,U354-J2-T0,550,3
P20,U381-J1-T0,550,402
P19,U365-J1-T0,553,595
P16,U310-J1-T0,554,57
P19,U361-J1-T0,555,58
P24,U472-J2-T0,557,76
P24,U472-J2-T1,557,45
P1,U10-J2-T0,558,93
P23,U448-J1-T0,558,75
P23,U448-J1-T1,558,1147
P5,U88-J2-T0,561,15
P5,U85-J2-T0,564,6
P5,U85-J2-T1,564,3
P12,U239-J3-T0,572,15
P19,U377-J2-T0,572,2
P19,U377-J2-T1,572,3
P19,U377-J2-T2,572,1
P19,U377-J2-T3,572,62
P19,U377-J2-T4,572,525
P29,U569-J1-T0,572,1178
P21,U407-J3-T0,579,9
P26,U511-J1-T0,588,392
P3,U57-J2-T0,590,57
P19,U363-J2-T0,590,13
P2,U28-J2-T0,591,10
P27,U531-J2-T0,592,5070
P24,U470-J1-T0,593,449
P24,U470-J1-T1,593,45
P24,U470-J1-T2,593,40
P24,U470-J1-T3,593,11
P24,U470-J1-T4,593,71
P24,U470-J1-T5,593,21
P24,U470-J1-T6,593,28
P24,U470-J1-T7,593,36
P24,U470-J1-T8,593,2707
P15,U290-J2-T0,594,683
P25,U481-J1-T0,594,164
P7,U124-J1-T0,605,64
P10,U199-J2-T0,606,233
P12,U237-J1-T0,607,1431
P19,U362-J1-T0,618,11
P11,U209-J2-T0,624,93
P28,U545-J1-T0,624,1744
P28,U545-J1-T1,624,61
P23,U452-J3-T0,627,190
P28,U543-J1-T0,627,6753
P1,U5-J3-T0,636,5
P4,U73-J2-T0,636,3
P4,U73-J2-T1,636,19
P4,U73-J2-T2,636,20
P4,U73-J2-T3,636,14
P4,U73-J2-T4,636,7
P4,U73-J2-T5,636,5
P4,U73-J2-T6,636,11
P4,U73-J2-T7,636,20
P4,U73-J2-T8,636,75
P4,U73-J2-T9,636,96
P4,U73-J2-T10,636,4
P4,U73-J2-T11,636,8
P4,U73-J2-T12,636,14
P4,U73-J2-T13,636,5
P4,U73-J2-T14,636,236
P4,U73-J2-T15,636,120
P4,U73-J2-T16,636,2
P4,U73-J2-T17,636,29
P4,U73-J2-T18,636,15
P4,U73-J2-T19,636,32
P13,U247-J1-T0,637,460
P4,U79-J2-T0,643,23
P4,U79-J2-T1,643,36
P4,U79-J2-T2,643,74
P29,U575-J1-T0,643,974
P21,U419-J2-T0,645,21
P16,U315-J1-T0,648,6
P2,U40-J2-T0,651,18
P2,U40-J2-T1,651,17
P3,U52-J2-T0,653,7
P3,U52-J2-T1,653,25
P3,U52-J2-T2,653,14
P29,U574-J1-T0,654,65
P29,U574-J1-T1,654,1757
P29,U574-J1-T2,654,126
P29,U574-J1-T3,654,76
P29,U574-J1-T4,654,936
P29,U574-J1-T5,654,47
P29,U574-J1-T6,654,45
P29,U574-J1-T7,654,108
P29,U574-J1-T8,654,210
P29,U574-J1-T9,654,640
P29,U574-J1-T10,654,225
P29,U574-J1-T11,654,184
P29,U574-J1-T12,654,117
P29,U574-J1-T13,654,114
P29,U574-J1-T14,654,643
P29,U574-J1-T15,654,467
P1,U8-J1-T0,660,11
P1,U8-J1-T1,660,8
P5,U96-J2-T0,661,2
P18,U343-J2-T0,663,152
P18,U343-J2-T1,663,17
P18,U343-J2-T2,663,402
P18,U343-J2-T3,663,998
P18,U343-J2-T4,663,257
P18,U346-J1-T0,664,1
P18,U346-J1-T1,664,22
P18,U346-J1-T2,664,80
P3,U47-J2-T0,665,4
P3,U59-J2-T0,666,13
P3,U59-J2-T1,666,13
P3,U59-J2-T2,666,9
P3,U59-J2-T3,666,10
P3,U59-J2-T4,666,32
P30,U591-J1-T0,680,633
P16,U316-J1-T0,684,27
P16,U316-J1-T1,684,17
P29,U562-J1-T0,685,2606
P13,U244-J2-T0,689,241
P22,U422-J1-T0,690,1459
P2,U38-J2-T0,693,6
P2,U38-J2-T1,693,13
P8,U155-J1-T0,708,11
P19,U379-J2-T0,708,14
P19,U379-J2-T1,708,10
P21,U412-J1-T0,712,32
P21,U412-J1-T1,712,88
P21,U412-J1-T2,712,256
P18,U354-J3-T0,715,366
P26,U516-J1-T0,730,82
P2,U22-J1-T0,731,3
P2,U22-J1-T1,731,13
P2,U22-J1-T2,731,24
P8,U156-J2-T0,733,3802
P8,U156-J2-T1,733,656
P8,U156-J2-T2,733,281
P8,U156-J2-T3,733,245
P27,U527-J2-T0,734,6850
P23,U452-J4-T0,740,4703
P18,U349-J1-T0,742,6201
P6,U105-J1-T0,746,67
P6,U105-J1-T1,746,122
P6,U105-J1-T2,746,17
P6,U105-J1-T3,746,411
P5,U82-J2-T0,749,7
P5,U82-J2-T1,749,17
P5,U82-J2-T2,749,5
P5,U82-J2-T3,749,35
P5,U96-J3-T0,749,3
P5,U96-J3-T1,749,4
P19,U362-J2-T0,750,717
P19,U362-J2-T1,750,3638
P19,U362-J2-T2,750,3647
P17,U325-J2-T0,753,469
P21,U402-J1-T0,755,369
P21,U402-J1-T1,755,31
P21,U402-J1-T2,755,61
P21,U402-J1-T3,755,72
P5,U88-J3-T0,757,6
P5,U88-J3-T1,757,104
P17,U331-J2-T0,758,5897
P24,U476-J1-T0,758,53
P22,U428-J2-T0,762,42
P22,U428-J2-T1,762,10
P22,U428-J2-T2,762,83
P19,U367-J1-T0,765,3
P19,U367-J1-T1,765,1
P19,U367-J1-T2,765,4
P19,U367-J1-T3,765,775
P19,U367-J1-T4,765,6
P19,U367-J1-T5,765,1
P19,U367-J1-T6,765,5
P19,U367-J1-T7,765,27
P19,U367-J1-T8,765,44
P19,U367-J1-T9,765,73
P19,U367-J1-T10,765,2
P19,U367-J1-T11,765,3
P19,U367-J1-T12,765,146
P15,U293-J1-T0,769,670
P15,U293-J1-T1,769,186
P1,U14-J1-T0,772,8
P23,U448-J2-T0,773,483
P30,U596-J1-T0,775,668
P3,U58-J1-T0,778,9
P25,U491-J1-T0,778,16
P25,U491-J1-T1,778,6
P25,U491-J1-T2,778,4
P25,U491-J1-T3,778,267
P25,U491-J1-T4,778,334
P25,U491-J1-T5,778,8
P25,U491-J1-T6,778,68
P25,U491-J1-T7,778,506
P2,U26-J2-T0,783,3
P2,U26-J2-T1,783,16
P2,U26-J2-T2,783,6
P2,U26-J2-T3,783,147
P2,U26-J2-T4,783,14
P2,U26-J2-T5,783,14
P2,U26-J2-T6,783,23
P2,U26-J2-T7,783,15
P2,U26-J2-T8,783,25
P2,U26-J2-T9,783,6
P2,U26-J2-T10,783,5
P2,U26-J2-T11,783,12
P2,U26-J2-T12,783,3
P2,U26-J2-T13,783,14
P2,U26-J2-T14,783,166
P2,U26-J2-T15,783,113
P23,U454-J1-T0,783,178
P1,U15-J1-T0,784,445
P1,U15-J1-T1,784,9
P1,U15-J1-T2,784,24
P1,U15-J1-T3,784,15
P1,U15-J1-T4,784,34
P1,U15-J1-T5,784,192
P18,U342-J1-T0,785,4
P18,U342-J1-T1,785,1
P18,U342-J1-T2,785,491
P18,U342-J1-T3,785,86
P18,U342-J1-T4,785,5119
P6,U114-J1-T0,787,539
P6,U114-J1-T1,787,653
P30,U598-J1-T0,795,55
P7,U137-J3-T0,807,250
P20,U388-J1-T0,813,15
P20,U388-J1-T1,813,102
P6,U118-J1-T0,815,22
P6,U118-J1-T1,815,119
P6,U118-J1-T2,815,1
P6,U118-J1-T3,815,221
P6,U118-J1-T4,815,493
P7,U132-J1-T0,822,284
P3,U60-J1-T0,829,4
P3,U60-J1-T1,829,3
P13,U259-J1-T0,830,268
P3,U48-J1-T0,832,25
P3,U48-J1-T1,832,8
P3,U48-J1-T2,832,4
P3,U48-J1-T3,832,74
P3,U48-J1-T4,832,22
P3,U48-J1-T5,832,12
P3,U48-J1-T6,832,25
P3,U48-J1-T7,832,48
P3,U48-J1-T8,832,31
P3,U48-J1-T9,832,30
P3,U48-J1-T10,832,16
P3,U48-J1-T11,832,24
P3,U48-J1-T12,832,11
P3,U48-J1-T13,832,60
P3,U48-J1-T14,832,51
P3,U48-J1-T15,832,7
P3,U48-J1-T16,832,108
P3,U48-J1-T17,832,7
P3,U48-J1-T18,832,760
P3,U48-J1-T19,832,5
P3,U48-J1-T20,832,9
P14,U261-J1-T0,833,11
P14,U261-J1-T1,833,7
P14,U261-J1-T2,833,9
P14,U261-J1-T3,833,84
P2,U30-J2-T0,837,24
P2,U30-J2-T1,837,30
P2,U30-J2-T2,837,24
P2,U30-J2-T3,837,24
P2,U30-J2-T4,837,10
P2,U30-J2-T5,837,12
P2,U30-J2-T6,837,5
P2,U30-J2-T7,837,10
P2,U30-J2-T8,837,7
P2,U30-J2-T9,837,19
P2,U30-J2-T10,837,24
P2,U30-J2-T11,837,3
P2,U30-J2-T12,837,8
P2,U30-J2-T13,837,6
P2,U30-J2-T14,837,152
P1,U12-J2-T0,838,4
P5,U97-J2-T0,838,7
P5,U97-J2-T1,838,49
P6,U109-J1-T0,843,413
P6,U109-J1-T1,843,113
P17,U334-J1-T0,845,220
P2,U31-J1-T0,846,40
P26,U513-J1-T0,855,65
P26,U513-J1-T1,855,14
P10,U198-J1-T0,858,335
P11,U202-J1-T0,859,5860
P26,U520-J1-T0,859,578
P26,U520-J1-T1,859,42
P26,U520-J1-T2,859,1303
P12,U230-J1-T0,862,38
P12,U230-J1-T1,862,10
P12,U230-J1-T2,862,20
P29,U569-J2-T0,867,2211
P29,U569-J2-T1,867,109
P29,U569-J2-T2,867,1472
P4,U79-J3-T0,869,4
P30,U589-J1-T0,869,115
P30,U589-J1-T1,869,33
P30,U589-J1-T2,869,531
P30,U589-J1-T3,869,62
P30,U589-J1-T4,869,378
P30,U589-J1-T5,869,144
P30,U589-J1-T6,869,291
P30,U589-J1-T7,869,157
P30,U589-J1-T8,869,82
P30,U589-J1-T9,869,113
P30,U589-J1-T10,869,100
P30,U589-J1-T11,869,70
P30,U589-J1-T12,869,112
P30,U589-J1-T13,869,698
P2,U40-J3-T0,873,4
P18,U360-J2-T0,873,258
P4,U73-J3-T0,875,11
P4,U73-J3-T1,875,8
P4,U73-J3-T2,875,7
P4,U73-J3-T3,875,10
P29,U570-J2-T0,878,88
P26,U501-J1-T0,880,209
P26,U501-J1-T1,880,171
P26,U501-J1-T2,880,61
P26,U501-J1-T3,880,357
P26,U501-J1-T4,880,60
P26,U501-J1-T5,880,401
P26,U501-J1-T6,880,276
P26,U501-J1-T7,880,96
P26,U501-J1-T8,880,63
P26,U501-J1-T9,880,243
P26,U501-J1-T10,880,143
P26,U501-J1-T11,880,35
P26,U501-J1-T12,880,138
P26,U501-J1-T13,880,63
P26,U501-J1-T14,880,181
P26,U501-J1-T15,880,100
P26,U501-J1-T16,880,58
P26,U501-J1-T17,880,90
P26,U501-J1-T18,880,157
P26,U501-J1-T19,880,262
P26,U501-J1-T20,880,599
P26,U501-J1-T21,880,86
P26,U501-J1-T22,880,4143
P12,U234-J2-T0,885,1566
P19,U377-J3-T0,885,2
P19,U377-J3-T1,885,2
P19,U377-J3-T2,885,627
P19,U377-J3-T3,885,2
P16,U310-J2-T0,892,1850
P26,U510-J1-T0,894,219
P26,U510-J1-T1,894,77
P26,U510-J1-T2,894,179
P26,U510-J1-T3,894,37
P26,U510-J1-T4,894,279
P26,U510-J1-T5,894,171
P26,U510-J1-T6,894,68
P26,U510-J1-T7,894,155
P26,U510-J1-T8,894,61
P26,U510-J1-T9,894,62
P26,U510-J1-T10,894,600
P26,U510-J1-T11,894,164
P26,U510-J1-T12,894,183
P26,U510-J1-T13,894,282
P26,U510-J1-T14,894,75
P26,U510-J1-T15,894,87
P26,U510-J1-T16,894,849
P26,U510-J1-T17,894,217
P9,U173-J1-T0,896,44
P2,U38-J3-T0,898,5
P2,U38-J3-T1,898,6
P8,U153-J1-T0,901,51
P8,U153-J1-T1,901,78
P4,U76-J1-T0,904,464
P4,U76-J1-T1,904,1105
P27,U531-J3-T0,904,279
P27,U531-J3-T1,904,1459
P11,U213-J2-T0,906,437
P22,U427-J2-T0,912,98
P2,U25-J3-T0,921,7
P2,U25-J3-T1,921,285
P2,U25-J3-T2,921,7
P2,U25-J3-T3,921,13
P16,U314-J1-T0,923,12
P6,U118-J2-T0,928,8331
P26,U505-J1-T0,935,991
P4,U73-J4-T0,940,24
P4,U73-J4-T1,940,11
P4,U73-J4-T2,940,22
P4,U73-J4-T3,940,3
P4,U73-J4-T4,940,16
P4,U73-J4-T5,940,5
P4,U73-J4-T6,940,20
P9,U179-J1-T0,947,501
P14,U272-J1-T0,947,628
P14,U272-J1-T1,947,1291
P14,U272-J1-T2,947,4990
P3,U45-J2-T0,949,13
P27,U529-J1-T0,953,25
P27,U529-J1-T1,953,64
P27,U529-J1-T2,953,169
P27,U529-J1-T3,953,171
P27,U529-J1-T4,953,367
P3,U60-J2-T0,955,174
P3,U60-J2-T1,955,10
P25,U499-J2-T0,956,13
P25,U499-J2-T1,956,59
P24,U478-J2-T0,959,537
P19,U372-J3-T0,961,28
P19,U372-J3-T1,961,1086
P23,U457-J2-T0,964,1208
P29,U570-J3-T0,966,275
P24,U474-J2-T0,967,314
P28,U555-J1-T0,968,566
P4,U68-J2-T0,976,14
P4,U68-J2-T1,976,32
P25,U487-J1-T0,981,237
P25,U487-J1-T1,981,10
P25,U487-J1-T2,981,185
P25,U487-J1-T3,981,2837
P25,U487-J1-T4,981,27
P25,U487-J1-T5,981,37
P25,U487-J1-T6,981,39
P25,U487-J1-T7,981,29
P25,U487-J1-T8,981,8
P25,U487-J1-T9,981,1752
P27,U525-J1-T0,982,452
P27,U525-J1-T1,982,540
P27,U525-J1-T2,982,638
P28,U551-J1-T0,984,4283
P20,U396-J1-T0,985,3
P13,U247-J2-T0,986,479
P10,U189-J2-T0,989,32
P29,U567-J2-T0,991,492
P8,U156-J3-T0,997,12
P24,U470-J2-T0,999,17
P24,U470-J2-T1,999,94
P18,U342-J2-T0,1001,1
P18,U342-J2-T1,1001,184
P18,U342-J2-T2,1001,599
P18,U342-J2-T3,1001,2
P18,U342-J2-T4,1001,76
P18,U342-J2-T5,1001,10
P18,U342-J2-T6,1001,13
P18,U342-J2-T7,1001,100
P18,U342-J2-T8,1001,1852
P5,U86-J2-T0,1007,46
P3,U56-J2-T0,1013,412
P3,U56-J2-T1,1013,80
P3,U56-J2-T2,1013,234
P3,U56-J2-T3,1013,150
P3,U56-J2-T4,1013,57
P3,U56-J2-T5,1013,143
P3,U56-J2-T6,1013,53
P3,U56-J2-T7,1013,109
P3,U56-J2-T8,1013,987
P3,U56-J2-T9,1013,304
P3,U56-J2-T10,1013,53
P3,U56-J2-T11,1013,1042
P3,U56-J2-T12,1013,260
P3,U56-J2-T13,1013,297
P3,U56-J2-T14,1013,5
P3,U56-J2-T15,1013,54
P3,U56-J2-T16,1013,20
P3,U56-J2-T17,1013,469
P3,U56-J2-T18,1013,3
P3,U56-J2-T19,1013,30
P3,U58-J2-T0,1013,5
P3,U58-J2-T1,1013,1
P5,U82-J3-T0,1020,22
P4,U70-J1-T0,1022,14
P4,U70-J1-T1,1022,399
P4,U70-J1-T2,1022,33
P4,U70-J1-T3,1022,26
P4,U70-J1-T4,1022,11
P4,U70-J1-T5,1022,40
P4,U70-J1-T6,1022,17
P4,U70-J1-T7,1022,7
P4,U70-J1-T8,1022,213
P4,U70-J1-T9,1022,6
P4,U70-J1-T10,1022,48
P4,U70-J1-T11,1022,71
P4,U70-J1-T12,1022,56
P4,U70-J1-T13,1022,21
P4,U70-J1-T14,1022,11
P4,U70-J1-T15,1022,7
P4,U70-J1-T16,1022,157
P4,U70-J1-T17,1022,24
P4,U70-J1-T18,1022,3
P4,U70-J1-T19,1022,35
P4,U70-J1-T20,1022,20
P4,U70-J1-T21,1022,264
P25,U490-J2-T0,1026,428
P14,U279-J2-T0,1027,1194
P5,U88-J4-T0,1028,289
P5,U88-J4-T1,1028,148
P5,U88-J4-T2,1028,303
P1,U17-J1-T0,1030,20
P19,U376-J3-T0,1036,1
P19,U376-J3-T1,1036,3
P19,U376-J3-T2,1036,1
P19,U376-J3-T3,1036,14
P19,U376-J3-T4,1036,2
P19,U376-J3-T5,1036,9
P13,U259-J2-T0,1038,47
P23,U458-J2-T0,1039,974
P2,U39-J1-T0,1041,16
P2,U39-J1-T1,1041,74
P2,U39-J1-T2,1041,4
P2,U39-J1-T3,1041,18
P22,U434-J1-T0,1041,401
P22,U434-J1-T1,1041,407
P22,U434-J1-T2,1041,948
P22,U434-J1-T3,1041,14
P22,U434-J1-T4,1041,52
P22,U434-J1-T5,1041,63
P22,U434-J1-T6,1041,65
P5,U97-J3-T0,1054,2
P5,U97-J3-T1,1054,3
P5,U97-J3-T2,1054,3
P25,U487-J2-T0,1057,236
P25,U487-J2-T1,1057,11
P25,U487-J2-T2,1057,287
P25,U487-J2-T3,1057,99
P25,U487-J2-T4,1057,29
P25,U487-J2-T5,1057,106
P25,U487-J2-T6,1057,41
P25,U487-J2-T7,1057,236
P26,U503-J1-T0,1061,2
P28,U543-J2-T0,1061,137
P12,U239-J4-T0,1062,321
P12,U231-J1-T0,1066,5590
P12,U221-J2-T0,1067,14
P12,U221-J2-T1,1067,4
P12,U221-J2-T2,1067,11
P12,U221-J2-T3,1067,3
P12,U221-J2-T4,1067,45
P12,U221-J2-T5,1067,7
P12,U221-J2-T6,1067,1042
P12,U221-J2-T7,1067,288
P12,U221-J2-T8,1067,3774
P22,U437-J1-T0,1077,90
P22,U437-J1-T1,1077,2453
P14,U268-J1-T0,1085,6745
P21,U402-J2-T0,1088,419
P21,U402-J2-T1,1088,85
P4,U77-J1-T0,1089,9
P9,U166-J1-T0,1091,46
P5,U87-J2-T0,1094,24
P5,U87-J2-T1,1094,3
P5,U87-J2-T2,1094,18
P5,U87-J2-T3,1094,0
P5,U87-J2-T4,1094,11
P5,U87-J2-T5,1094,12
P5,U87-J2-T6,1094,1
P5,U87-J2-T7,1094,2
P5,U87-J2-T8,1094,1
P5,U87-J2-T9,1094,3
P5,U87-J2-T10,1094,1
P5,U87-J2-T11,1094,1
P5,U87-J2-T12,1094,2
P5,U87-J2-T13,1094,4
P5,U87-J2-T14,1094,2
P5,U87-J2-T15,1094,17
P5,U87-J2-T16,1094,20
P8,U153-J2-T0,1096,139
P22,U436-J2-T0,1103,60
P22,U436-J2-T1,1103,137
P22,U436-J2-T2,1103,5
P1,U3-J1-T0,1108,7
P1,U3-J1-T1,1108,20
P1,U3-J1-T2,1108,2
P1,U3-J1-T3,1108,2
P1,U3-J1-T4,1108,30
P1,U3-J1-T5,1108,65
P1,U3-J1-T6,1108,19
P1,U3-J1-T7,1108,3
P24,U465-J1-T0,1109,24
P24,U465-J1-T1,1109,10
P24,U465-J1-T2,1109,27
P8,U160-J1-T0,1111,2
P8,U160-J1-T1,1111,68
P16,U310-J3-T0,1111,5490
P10,U199-J3-T0,1112,195
P19,U363-J3-T0,1113,8
P6,U116-J1-T0,1121,26
P6,U116-J1-T1,1121,633
P6,U116-J1-T2,1121,9
P6,U116-J1-T3,1121,538
P2,U40-J4-T0,1122,6
P21,U406-J1-T0,1124,16
P6,U113-J1-T0,1129,61
P6,U113-J1-T1,1129,8
P6,U113-J1-T2,1129,26
P6,U113-J1-T3,1129,15
P6,U113-J1-T4,1129,763
P6,U113-J1-T5,1129,124
P6,U113-J1-T6,1129,3
P6,U113-J1-T7,1129,21
P6,U113-J1-T8,1129,12
P6,U113-J1-T9,1129,2
P6,U113-J1-T10,1129,28
P6,U113-J1-T11,1129,70
P6,U113-J1-T12,1129,2
P6,U113-J1-T13,1129,2
P6,U113-J1-T14,1129,77
P6,U113-J1-T15,1129,18
P6,U113-J1-T16,1129,1
P6,U113-J1-T17,1129,1436
P6,U113-J1-T18,1129,15
P6,U113-J1-T19,1129,187
P6,U113-J1-T20,1129,2282
P12,U225-J1-T0,1129,752
P6,U104-J1-T0,1131,865
P22,U424-J2-T0,1131,8
P22,U424-J2-T1,1131,245
P2,U36-J3-T0,1142,7
P2,U36-J3-T1,1142,4
P2,U36-J3-T2,1142,16
P2,U36-J3-T3,1142,31
P2,U36-J3-T4,1142,15
P12,U236-J1-T0,1144,37
P12,U236-J1-T1,1144,313
P12,U236-J1-T2,1144,26
P12,U236-J1-T3,1144,454
P12,U236-J1-T4,1144,47
P12,U236-J1-T5,1144,3834
P30,U583-J1-T0,1144,500
P30,U583-J1-T1,1144,477
P30,U583-J1-T2,1144,460
P30,U583-J1-T3,1144,227
P30,U583-J1-T4,1144,151
P30,U583-J1-T5,1144,122
P30,U583-J1-T6,1144,168
P30,U583-J1-T7,1144,155
P30,U583-J1-T8,1144,3009
P13,U243-J1-T0,1145,3705
P3,U59-J3-T0,1148,8
P2,U39-J2-T0,1153,1789
P4,U80-J1-T0,1155,67
P4,U80-J1-T1,1155,9
P4,U80-J1-T2,1155,158
P4,U80-J1-T3,1155,39
P4,U80-J1-T4,1155,1
P7,U131-J1-T0,1156,432
P7,U131-J1-T1,1156,10
P8,U148-J2-T0,1167,4383
P9,U168-J1-T0,1176,42
P2,U30-J3-T0,1181,17
P2,U30-J3-T1,1181,6
P2,U30-J3-T2,1181,11
P2,U30-J3-T3,1181,11
P2,U30-J3-T4,1181,87
P2,U30-J3-T5,1181,44
P2,U30-J3-T6,1181,8
P2,U30-J3-T7,1181,15
P2,U30-J3-T8,1181,15
P2,U30-J3-T9,1181,23
P2,U30-J3-T10,1181,71
P11,U219-J1-T0,1191,299
P3,U56-J3-T0,1192,1416
P3,U56-J3-T1,1192,358
P3,U56-J3-T2,1192,775
P3,U56-J3-T3,1192,47
P3,U56-J3-T4,1192,64
P3,U56-J3-T5,1192,119
P3,U56-J3-T6,1192,19
P3,U56-J3-T7,1192,223
P3,U56-J3-T8,1192,567
P3,U56-J3-T9,1192,564
P3,U56-J3-T10,1192,333
P11,U208-J1-T0,1193,40
P24,U476-J2-T0,1195,232
P24,U476-J2-T1,1195,14
P24,U476-J2-T2,1195,10
P24,U476-J2-T3,1195,58
P24,U476-J2-T4,1195,291
P24,U476-J2-T5,1195,15
P24,U476-J2-T6,1195,7
P24,U476-J2-T7,1195,40
P24,U476-J2-T8,1195,31
P24,U476-J2-T9,1195,249
P14,U265-J2-T0,1196,178
P5,U87-J3-T0,1200,1
P5,U87-J3-T1,1200,13
P4,U70-J2-T0,1203,13
P4,U70-J2-T1,1203,12
P4,U70-J2-T2,1203,44
P30,U587-J1-T0,1217,122
P30,U587-J1-T1,1217,545
P29,U562-J2-T0,1227,2646
P29,U562-J2-T1,1227,533
P3,U50-J2-T0,1234,6
P27,U529-J2-T0,1235,468
P27,U529-J2-T1,1235,136
P27,U529-J2-T2,1235,1849
P27,U529-J2-T3,1235,97
P27,U529-J2-T4,1235,78
P27,U529-J2-T5,1235,230
P27,U529-J2-T6,1235,40
P27,U529-J2-T7,1235,146
P27,U529-J2-T8,1235,195
P27,U529-J2-T9,1235,381
P27,U529-J2-T10,1235,325
P27,U529-J2-T11,1235,86
P27,U529-J2-T12,1235,65
P27,U529-J2-T13,1235,314
P27,U529-J2-T14,1235,79
P27,U529-J2-T15,1235,253
P27,U529-J2-T16,1235,219
P9,U167-J1-T0,1237,266
P25,U489-J2-T0,1239,6919
P29,U561-J2-T0,1241,1700
P18,U356-J1-T0,1243,232
P18,U356-J1-T1,1243,323
P14,U272-J2-T0,1247,1146
P29,U572-J1-T0,1251,2
P27,U528-J1-T0,1253,811
P14,U270-J1-T0,1255,1010
P25,U493-J1-T0,1259,21
P25,U493-J1-T1,1259,4
P25,U493-J1-T2,1259,46
P25,U493-J1-T3,1259,281
P10,U181-J1-T0,1261,1235
P30,U594-J1-T0,1262,1901
P30,U594-J1-T1,1262,674
P2,U38-J4-T0,1264,3
P2,U38-J4-T1,1264,2
P9,U168-J2-T0,1264,1009
P9,U168-J2-T1,1264,570
P9,U168-J2-T2,1264,186
P9,U168-J2-T3,1264,41
P9,U168-J2-T4,1264,91
P9,U168-J2-T5,1264,5173
P29,U569-J3-T0,1265,560
P29,U569-J3-T1,1265,2299
P29,U568-J2-T0,1266,2
P3,U52-J3-T0,1270,38
P3,U52-J3-T1,1270,18
P3,U52-J3-T2,1270,7
P11,U207-J1-T0,1270,236
P26,U512-J3-T0,1270,69
P6,U118-J3-T0,1276,36
P4,U73-J5-T0,1287,10
P4,U73-J5-T1,1287,40
P26,U520-J2-T0,1289,2
P22,U431-J1-T0,1291,2592
P19,U377-J4-T0,1297,1
P19,U377-J4-T1,1297,1
P19,U377-J4-T2,1297,19
P19,U377-J4-T3,1297,3
P19,U377-J4-T4,1297,13
P19,U377-J4-T5,1297,1
P19,U377-J4-T6,1297,6
P19,U377-J4-T7,1297,1
P19,U377-J4-T8,1297,32
P19,U377-J4-T9,1297,2
P19,U377-J4-T10,1297,2
P19,U377-J4-T11,1297,3
P19,U377-J4-T12,1297,2
P19,U377-J4-T13,1297,5
P19,U377-J4-T14,1297,16
P19,U377-J4-T15,1297,2
P19,U377-J4-T16,1297,20
P19,U377-J4-T17,1297,2
P19,U377-J4-T18,1297,1
P19,U377-J4-T19,1297,8
P19,U377-J4-T20,1297,1
P19,U377-J4-T21,1297,35
P19,U377-J4-T22,1297,6
P19,U377-J4-T23,1297,2
P19,U377-J4-T24,1297,3
P19,U377-J4-T25,1297,12
P22,U438-J1-T0,1297,4
P22,U438-J1-T1,1297,28
P22,U438-J1-T2,1297,86
P22,U438-J1-T3,1297,9
P22,U438-J1-T4,1297,37
P22,U438-J1-T5,1297,21
P22,U438-J1-T6,1297,80
P22,U438-J1-T7,1297,190
P22,U438-J1-T8,1297,437
P24,U478-J3-T0,1300,16
P20,U398-J3-T0,1306,216
P20,U398-J3-T1,1306,223
P20,U398-J3-T2,1306,3298
P30,U586-J1-T0,1310,177
P30,U586-J1-T1,1310,351
P30,U586-J1-T2,1310,322
P30,U586-J1-T3,1310,104
P30,U586-J1-T4,1310,326
P30,U586-J1-T5,1310,155
P30,U586-J1-T6,1310,271
P30,U586-J1-T7,1310,557
P30,U586-J1-T8,1310,32
P30,U586-J1-T9,1310,166
P30,U586-J1-T10,1310,238
P30,U586-J1-T11,1310,912
P30,U583-J2-T0,1314,42
P30,U583-J2-T1,1314,351
P30,U583-J2-T2,1314,63
P30,U583-J2-T3,1314,191
P30,U583-J2-T4,1314,80
P30,U583-J2-T5,1314,376
P30,U583-J2-T6,1314,108
P30,U583-J2-T7,1314,76
P30,U583-J2-T8,1314,36
P30,U583-J2-T9,1314,1599
P30,U583-J2-T10,1314,109
P30,U583-J2-T11,1314,109
P30,U583-J2-T12,1314,185
P30,U583-J2-T13,1314,141
P30,U583-J2-T14,1314,133
P30,U583-J2-T15,1314,248
P30,U583-J2-T16,1314,771
P30,U583-J2-T17,1314,46
P30,U583-J2-T18,1314,133
P30,U583-J2-T19,1314,172
P30,U583-J2-T20,1314,970
P30,U583-J2-T21,1314,562
P30,U583-J2-T22,1314,130
P30,U583-J2-T23,1314,86
P30,U583-J2-T24,1314,73
P30,U583-J2-T25,1314,118
P30,U583-J2-T26,1314,127
P30,U583-J2-T27,1314,362
P30,U583-J2-T28,1314,75
P30,U583-J2-T29,1314,162
P24,U474-J3-T0,1323,7504
P2,U27-J1-T0,1325,5
P2,U27-J1-T1,1325,45
P23,U444-J1-T0,1325,15
P23,U444-J1-T1,1325,69
P23,U444-J1-T2,1325,15
P23,U444-J1-T3,1325,34
P23,U444-J1-T4,1325,278
P23,U444-J1-T5,1325,34
P23,U444-J1-T6,1325,141
P23,U444-J1-T7,1325,16
P23,U444-J1-T8,1325,21
P23,U444-J1-T9,1325,36
P23,U444-J1-T10,1325,11
P23,U444-J1-T11,1325,21
P23,U444-J1-T12,1325,14
P23,U444-J1-T13,1325,20
P23,U444-J1-T14,1325,13
P23,U444-J1-T15,1325,44
P23,U444-J1-T16,1325,174
P23,U444-J1-T17,1325,81
P2,U36-J4-T0,1333,34
P2,U36-J4-T1,1333,22
P2,U36-J4-T2,1333,5
P7,U125-J1-T0,1334,24
P7,U125-J1-T1,1334,7127
P14,U279-J3-T0,1337,3532
P27,U524-J1-T0,1339,3142
P13,U259-J3-T0,1342,2223
P29,U573-J1-T0,1347,835
P29,U573-J1-T1,1347,381
P4,U62-J3-T0,1348,17
P9,U169-J1-T0,1351,22
P9,U169-J1-T1,1351,192
P9,U179-J2-T0,1351,357
P3,U50-J3-T0,1362,9
P27,U530-J2-T0,1370,130
P27,U530-J2-T1,1370,54
P27,U530-J2-T2,1370,243
P27,U530-J2-T3,1370,582
P27,U530-J2-T4,1370,20
P27,U530-J2-T5,1370,554
P27,U530-J2-T6,1370,734
P27,U530-J2-T7,1370,166
P27,U530-J2-T8,1370,147
P27,U530-J2-T9,1370,331
P27,U530-J2-T10,1370,153
P27,U530-J2-T11,1370,532
P27,U530-J2-T12,1370,316
P27,U530-J2-T13,1370,386
P27,U530-J2-T14,1370,96
P27,U530-J2-T15,1370,45
P27,U530-J2-T16,1370,239
P27,U530-J2-T17,1370,310
P27,U530-J2-T18,1370,460
P27,U530-J2-T19,1370,115
P27,U530-J2-T20,1370,85
P27,U530-J2-T21,1370,76
P27,U530-J2-T22,1370,62
P27,U530-J2-T23,1370,188
P27,U530-J2-T24,1370,168
P27,U530-J2-T25,1370,74
P27,U530-J2-T26,1370,103
P27,U530-J2-T27,1370,56
P27,U530-J2-T28,1370,503
P27,U530-J2-T29,1370,205
P27,U530-J2-T30,1370,313
P27,U530-J2-T31,1370,244
P27,U530-J2-T32,1370,97
P27,U530-J2-T33,1370,47
P27,U530-J2-T34,1370,163
P6,U105-J2-T0,1374,14
P6,U105-J2-T1,1374,64
P6,U105-J2-T2,1374,56
P6,U105-J2-T3,1374,20
P6,U105-J2-T4,1374,19
P16,U310-J4-T0,1381,368
P21,U418-J1-T0,1385,677
P3,U43-J1-T0,1394,1
P3,U43-J1-T1,1394,14
P3,U43-J1-T2,1394,5
P3,U43-J1-T3,1394,6
P3,U43-J1-T4,1394,2
P3,U43-J1-T5,1394,1
P13,U251-J1-T0,1394,1076
P11,U210-J1-T0,1395,2666
P11,U210-J1-T1,1395,28
P11,U210-J1-T2,1395,122
P11,U210-J1-T3,1395,398
P19,U370-J1-T0,1402,106
P3,U42-J2-T0,1403,7
P26,U514-J1-T0,1405,1595
P26,U514-J1-T1,1405,456
P26,U514-J1-T2,1405,270
P27,U525-J2-T0,1407,843
P1,U12-J3-T0,1408,52
P4,U78-J1-T0,1411,5
P4,U78-J1-T1,1411,0
P8,U152-J1-T0,1411,238
P8,U152-J1-T1,1411,7
P8,U152-J1-T2,1411,49
P18,U352-J3-T0,1413,26
P4,U80-J2-T0,1415,11
P4,U80-J2-T1,1415,8
P4,U80-J2-T2,1415,22
P4,U80-J2-T3,1415,14
P4,U80-J2-T4,1415,25
P4,U64-J1-T0,1417,18
P4,U64-J1-T1,1417,13
P4,U64-J1-T2,1417,72
P4,U64-J1-T3,1417,88
P4,U64-J1-T4,1417,64
P4,U64-J1-T5,1417,3
P4,U64-J1-T6,1417,4
P4,U64-J1-T7,1417,109
P4,U64-J1-T8,1417,253
P4,U64-J1-T9,1417,24
P4,U64-J1-T10,1417,8
P4,U64-J1-T11,1417,88
P4,U64-J1-T12,1417,6
P4,U64-J1-T13,1417,20
P4,U64-J1-T14,1417,26
P4,U64-J1-T15,1417,704
P29,U569-J4-T0,1419,319
P29,U569-J4-T1,1419,434
P28,U545-J2-T0,1420,907
P4,U65-J1-T0,1421,5
P5,U87-J4-T0,1421,0
P5,U87-J4-T1,1421,227
P5,U87-J4-T2,1421,11
P5,U87-J4-T3,1421,21
P5,U87-J4-T4,1421,1
P5,U87-J4-T5,1421,17
P5,U87-J4-T6,1421,4
P5,U87-J4-T7,1421,3
P5,U87-J4-T8,1421,9
P5,U87-J4-T9,1421,20
P5,U87-J4-T10,1421,2
P5,U87-J4-T11,1421,6
P5,U87-J4-T12,1421,9
P5,U87-J4-T13,1421,1
P5,U87-J4-T14,1421,46
P5,U87-J4-T15,1421,8
P5,U87-J4-T16,1421,5
P5,U87-J4-T17,1421,11
P5,U87-J4-T18,1421,1
P5,U87-J4-T19,1421,22
P5,U87-J4-T20,1421,5
P5,U87-J4-T21,1421,22
P5,U87-J4-T22,1421,5
P5,U87-J4-T23,1421,10
P5,U87-J4-T24,1421,23
P5,U87-J4-T25,1421,5
P5,U87-J4-T26,1421,0
P5,U87-J4-T27,1421,9
P5,U87-J4-T28,1421,3
P5,U87-J4-T29,1421,22
P5,U87-J4-T30,1421,58
P5,U87-J4-T31,1421,1
P5,U87-J4-T32,1421,29
P5,U87-J4-T33,1421,35
P5,U87-J4-T34,1421,18
P5,U87-J4-T35,1421,102
P5,U87-J4-T36,1421,25
P5,U87-J4-T37,1421,7
P5,U87-J4-T38,1421,2
P5,U87-J4-T39,1421,5
P5,U87-J4-T40,1421,24
P5,U87-J4-T41,1421,2
P5,U87-J4-T42,1421,14
P5,U87-J4-T43,1421,7
P5,U87-J4-T44,1421,1
P5,U87-J4-T45,1421,10
P5,U87-J4-T46,1421,12
P5,U87-J4-T47,1421,16
P5,U87-J4-T48,1421,2
P5,U87-J4-T49,1421,3
P5,U87-J4-T50,1421,38
P5,U87-J4-T51,1421,16
P5,U87-J4-T52,1421,20
P5,U87-J4-T53,1421,3
P5,U87-J4-T54,1421,6
P5,U87-J4-T55,1421,6
P5,U87-J4-T56,1421,15
P5,U87-J4-T57,1421,1
P5,U87-J4-T58,1421,8
P5,U87-J4-T59,1421,4
P5,U87-J4-T60,1421,2
P5,U87-J4-T61,1421,12
P5,U87-J4-T62,1421,7
P5,U87-J4-T63,1421,3
P5,U87-J4-T64,1421,2
P5,U87-J4-T65,1421,2
P5,U87-J4-T66,1421,1
P5,U87-J4-T67,1421,24
P5,U87-J4-T68,1421,1
P5,U87-J4-T69,1421,8
P5,U87-J4-T70,1421,2
P5,U87-J4-T71,1421,3
P5,U87-J4-T72,1421,15
P5,U87-J4-T73,1421,12
P5,U87-J4-T74,1421,4
P5,U87-J4-T75,1421,8
P27,U530-J3-T0,1422,169
P25,U487-J3-T0,1423,113
P25,U487-J3-T1,1423,34
P25,U487-J3-T2,1423,64
P25,U487-J3-T3,1423,16
P25,U487-J3-T4,1423,185
P4,U71-J2-T0,1429,7
P4,U71-J2-T1,1429,7
P4,U71-J2-T2,1429,33
P4,U71-J2-T3,1429,29
P4,U71-J2-T4,1429,27
P4,U71-J2-T5,1429,14
P4,U71-J2-T6,1429,5
P4,U71-J2-T7,1429,6
P4,U71-J2-T8,1429,5
P4,U71-J2-T9,1429,4
P4,U71-J2-T10,1429,7
P4,U71-J2-T11,1429,12
P4,U71-J2-T12,1429,4
P4,U71-J2-T13,1429,18
P4,U71-J2-T14,1429,9
P4,U71-J2-T15,1429,16
P4,U71-J2-T16,1429,4
P4,U71-J2-T17,1429,23
P4,U71-J2-T18,1429,5
P4,U71-J2-T19,1429,3
P4,U71-J2-T20,1429,17
P4,U71-J2-T21,1429,3
P4,U71-J2-T22,1429,226
P28,U550-J1-T0,1447,5357
P5,U95-J3-T0,1448,5
P15,U283-J1-T0,1451,690
P15,U283-J1-T1,1451,248
P5,U92-J2-T0,1452,7
P11,U202-J2-T0,1456,219
P11,U202-J2-T1,1456,10
P11,U202-J2-T2,1456,15
P11,U202-J2-T3,1456,741
P11,U202-J2-T4,1456,8
P11,U202-J2-T5,1456,89
P3,U47-J3-T0,1460,6
P25,U490-J3-T0,1464,68
P7,U131-J2-T0,1466,79
P7,U131-J2-T1,1466,342
P7,U131-J2-T2,1466,27
P7,U131-J2-T3,1466,3409
P29,U562-J3-T0,1470,4267
P14,U279-J4-T0,1471,5823
P5,U98-J1-T0,1479,13
P4,U73-J6-T0,1480,10
P4,U73-J6-T1,1480,8
P4,U73-J6-T2,1480,24
P4,U73-J6-T3,1480,3
P4,U73-J6-T4,1480,37
P4,U73-J6-T5,1480,25
P4,U73-J6-T6,1480,33
P4,U73-J6-T7,1480,3
P4,U73-J6-T8,1480,639
P28,U548-J1-T0,1480,852
P28,U548-J1-T1,1480,114
P1,U8-J2-T0,1489,65
P1,U8-J2-T1,1489,5
P1,U8-J2-T2,1489,12
P1,U8-J2-T3,1489,500
P5,U94-J1-T0,1489,25
P5,U94-J1-T1,1489,93
P12,U239-J5-T0,1490,532
P21,U404-J2-T0,1490,108
P4,U70-J3-T0,1503,6
P4,U70-J3-T1,1503,38
P4,U70-J3-T2,1503,4
P4,U70-J3-T3,1503,16
P4,U70-J3-T4,1503,7
P15,U283-J2-T0,1508,77
P15,U283-J2-T1,1508,7998
P4,U64-J2-T0,1509,5
P4,U64-J2-T1,1509,16
P17,U330-J1-T0,1515,0
P17,U330-J1-T1,1515,26
P11,U213-J3-T0,1516,29
P16,U316-J2-T0,1517,28
P25,U499-J3-T0,1518,123
P25,U499-J3-T1,1518,10
P2,U21-J1-T0,1524,42
P2,U21-J1-T1,1524,57
P2,U21-J1-T2,1524,93
P2,U21-J1-T3,1524,36
P2,U21-J1-T4,1524,12
P2,U21-J1-T5,1524,3
P2,U21-J1-T6,1524,557
P2,U21-J1-T7,1524,8
P2,U21-J1-T8,1524,7
P2,U21-J1-T9,1524,214
P5,U92-J3-T0,1525,52
P5,U92-J3-T1,1525,1
P3,U45-J3-T0,1529,5
P3,U45-J3-T1,1529,5
P3,U45-J3-T2,1529,8
P3,U45-J3-T3,1529,12
P3,U45-J3-T4,1529,5
P8,U151-J3-T0,1529,313
P8,U151-J3-T1,1529,1419
P8,U151-J3-T2,1529,1749
P8,U151-J3-T3,1529,261
P8,U151-J3-T4,1529,1392
P3,U54-J2-T0,1532,166
P3,U54-J2-T1,1532,60
P3,U54-J2-T2,1532,216
P23,U452-J5-T0,1532,611
P23,U452-J5-T1,1532,441
P4,U71-J3-T0,1540,5
P4,U71-J3-T1,1540,7
P4,U71-J3-T2,1540,6
P4,U71-J3-T3,1540,4
P4,U71-J3-T4,1540,29
P4,U71-J3-T5,1540,483
P4,U71-J3-T6,1540,9
P4,U71-J3-T7,1540,3547
P4,U71-J3-T8,1540,8
P4,U71-J3-T9,1540,40
P4,U71-J3-T10,1540,3
P4,U71-J3-T11,1540,17
P4,U71-J3-T12,1540,8
P4,U71-J3-T13,1540,15
P4,U71-J3-T14,1540,3
P4,U71-J3-T15,1540,3
P4,U71-J3-T16,1540,312
P4,U71-J3-T17,1540,5
P4,U71-J3-T18,1540,108
P4,U71-J3-T19,1540,10
P4,U71-J3-T20,1540,32
P4,U71-J3-T21,1540,164
P4,U71-J3-T22,1540,10
P4,U71-J3-T23,1540,5
P4,U71-J3-T24,1540,18
P4,U71-J3-T25,1540,9
P4,U71-J3-T26,1540,7
P4,U71-J3-T27,1540,81
P4,U71-J3-T28,1540,4
P4,U71-J3-T29,1540,594
P20,U395-J1-T0,1543,1
P20,U395-J1-T1,1543,43
P4,U80-J3-T0,1548,4
P4,U80-J3-T1,1548,8
P4,U80-J3-T2,1548,14
P4,U80-J3-T3,1548,5
P8,U154-J1-T0,1548,1016
P8,U154-J1-T1,1548,388
P15,U287-J1-T0,1549,42
P15,U287-J1-T1,1549,10
P15,U287-J1-T2,1549,2
P15,U287-J1-T3,1549,7
P15,U287-J1-T4,1549,44
P15,U287-J1-T5,1549,409
P15,U287-J1-T6,1549,32
P15,U287-J1-T7,1549,14
P15,U287-J1-T8,1549,15
P15,U287-J1-T9,1549,143
P13,U255-J1-T0,1550,48
P13,U255-J1-T1,1550,2423
P30,U598-J2-T0,1552,4523
P19,U376-J4-T0,1558,3
P19,U376-J4-T1,1558,7
P19,U376-J4-T2,1558,3
P13,U259-J4-T0,1574,23
P16,U307-J1-T0,1576,185
P19,U361-J2-T0,1581,3636
P11,U202-J3-T0,1582,69
P11,U202-J3-T1,1582,179
P11,U202-J3-T2,1582,142
P11,U202-J3-T3,1582,26
P11,U202-J3-T4,1582,126
P11,U202-J3-T5,1582,147
P11,U202-J3-T6,1582,8
P11,U202-J3-T7,1582,63
P11,U202-J3-T8,1582,4
P11,U202-J3-T9,1582,1210
P11,U202-J3-T10,1582,4
P11,U202-J3-T11,1582,8
P29,U573-J2-T0,1582,2551
P18,U346-J2-T0,1583,3
P18,U346-J2-T1,1583,9
P11,U219-J2-T0,1588,260
P8,U157-J1-T0,1593,605
P14,U274-J1-T0,1593,27
P14,U274-J1-T1,1593,45
P14,U274-J1-T2,1593,9
P14,U272-J3-T0,1599,418
P27,U534-J1-T0,1599,559
P22,U431-J2-T0,1600,5068
P3,U53-J1-T0,1603,7
P2,U37-J1-T0,1604,22
P2,U37-J1-T1,1604,3
P2,U37-J1-T2,1604,103
P2,U37-J1-T3,1604,61
P2,U37-J1-T4,1604,7
P2,U37-J1-T5,1604,5
P2,U37-J1-T6,1604,19
P2,U37-J1-T7,1604,28
P2,U37-J1-T8,1604,25
P2,U37-J1-T9,1604,22
P2,U37-J1-T10,1604,10
P2,U37-J1-T11,1604,3
P2,U37-J1-T12,1604,15
P2,U37-J1-T13,1604,28
P2,U37-J1-T14,1604,171
P2,U37-J1-T15,1604,13
P2,U37-J1-T16,1604,91
P2,U37-J1-T17,1604,50
P2,U37-J1-T18,1604,126
P2,U37-J1-T19,1604,26
P2,U37-J1-T20,1604,34
P2,U37-J1-T21,1604,30
P2,U37-J1-T22,1604,92
P2,U37-J1-T23,1604,59
P2,U37-J1-T24,1604,14
P2,U37-J1-T25,1604,11
P2,U37-J1-T26,1604,3
P2,U37-J1-T27,1604,10
P2,U37-J1-T28,1604,9
P2,U37-J1-T29,1604,25
P2,U37-J1-T30,1604,1276
P9,U164-J1-T0,1607,222
P9,U164-J1-T1,1607,475
P9,U166-J2-T0,1609,279
P5,U94-J2-T0,1613,3
P5,U94-J2-T1,1613,24
P5,U94-J2-T2,1613,29
P11,U209-J3-T0,1616,52
P18,U348-J2-T0,1620,10
P18,U357-J2-T0,1620,1033
P19,U372-J4-T0,1625,31
P19,U372-J4-T1,1625,169
P19,U372-J4-T2,1625,2
P19,U372-J4-T3,1625,502
P2,U21-J2-T0,1626,6
P2,U30-J4-T0,1626,67
P2,U30-J4-T1,1626,24
P2,U30-J4-T2,1626,18
P2,U30-J4-T3,1626,5
P2,U30-J4-T4,1626,6
P2,U30-J4-T5,1626,35
P2,U30-J4-T6,1626,14
P2,U30-J4-T7,1626,63
P2,U30-J4-T8,1626,2652
P25,U489-J3-T0,1626,169
P25,U489-J3-T1,1626,1485
P25,U489-J3-T2,1626,329
P30,U586-J2-T0,1630,143
P30,U586-J2-T1,1630,368
P30,U586-J2-T2,1630,145
P30,U586-J2-T3,1630,248
P30,U586-J2-T4,1630,468
P30,U586-J2-T5,1630,44
P30,U586-J2-T6,1630,210
P30,U586-J2-T7,1630,234
P30,U586-J2-T8,1630,98
P30,U586-J2-T9,1630,304
P30,U586-J2-T10,1630,156
P30,U586-J2-T11,1630,777
P30,U586-J2-T12,1630,624
P30,U586-J2-T13,1630,25
P30,U586-J2-T14,1630,43
P30,U586-J2-T15,1630,464
P27,U524-J2-T0,1633,1423
P27,U524-J2-T1,1633,586
P23,U441-J1-T0,1635,309
P18,U354-J4-T0,1636,2190
P26,U507-J2-T0,1641,273
P13,U251-J2-T0,1644,1852
P13,U251-J2-T1,1644,3321
P22,U428-J3-T0,1644,39
P22,U428-J3-T1,1644,356
P3,U54-J3-T0,1650,3
P3,U54-J3-T1,1650,6
P3,U54-J3-T2,1650,6
P3,U54-J3-T3,1650,25
P3,U54-J3-T4,1650,7
P3,U54-J3-T5,1650,8
P3,U54-J3-T6,1650,5
P3,U54-J3-T7,1650,14
P3,U54-J3-T8,1650,3
P3,U54-J3-T9,1650,100
P3,U54-J3-T10,1650,21
P3,U54-J3-T11,1650,40
P3,U54-J3-T12,1650,17
P18,U344-J3-T0,1650,5
P27,U530-J4-T0,1655,91
P27,U530-J4-T1,1655,199
P27,U530-J4-T2,1655,224
P27,U530-J4-T3,1655,54
P27,U530-J4-T4,1655,212
P27,U530-J4-T5,1655,62
P27,U530-J4-T6,1655,554
P27,U530-J4-T7,1655,260
P27,U530-J4-T8,1655,285
P27,U530-J4-T9,1655,301
P27,U530-J4-T10,1655,294
P27,U530-J4-T11,1655,200
P27,U530-J4-T12,1655,59
P27,U530-J4-T13,1655,192
P27,U530-J4-T14,1655,281
P27,U530-J4-T15,1655,755
P27,U530-J4-T16,1655,98
P27,U530-J4-T17,1655,229
P23,U459-J1-T0,1660,34
P14,U263-J1-T0,1667,84
P14,U263-J1-T1,1667,896
P16,U307-J2-T0,1667,916
P15,U289-J3-T0,1670,752
P15,U289-J3-T1,1670,62
P15,U289-J3-T2,1670,2136
P15,U289-J3-T3,1670,2069
P2,U27-J2-T0,1674,5
P2,U27-J2-T1,1674,124
P5,U84-J1-T0,1679,9
P5,U84-J1-T1,1679,191
P5,U84-J1-T2,1679,174
P5,U84-J1-T3,1679,13
P5,U84-J1-T4,1679,3
P5,U84-J1-T5,1679,6
P5,U84-J1-T6,1679,4
P5,U84-J1-T7,1679,7
P5,U84-J1-T8,1679,4
P5,U84-J1-T9,1679,6
P5,U84-J1-T10,1679,7
P5,U84-J1-T11,1679,2
P5,U84-J1-T12,1679,8
P5,U84-J1-T13,1679,4
P5,U84-J1-T14,1679,12
P5,U84-J1-T15,1679,14
P5,U84-J1-T16,1679,268
P5,U84-J1-T17,1679,41
P29,U577-J2-T0,1685,4817
P6,U107-J1-T0,1687,653
P29,U571-J2-T0,1687,155
P27,U525-J3-T0,1688,289
P27,U525-J3-T1,1688,6686
P27,U525-J3-T2,1688,410
P27,U525-J3-T3,1688,911
P27,U525-J3-T4,1688,439
P27,U523-J1-T0,1692,1189
P27,U523-J1-T1,1692,225
P5,U87-J5-T0,1694,3
P5,U87-J5-T1,1694,2
P5,U87-J5-T2,1694,7
P5,U87-J5-T3,1694,4
P5,U87-J5-T4,1694,0
P5,U87-J5-T5,1694,5
P5,U87-J5-T6,1694,57
P5,U87-J5-T7,1694,16
P5,U87-J5-T8,1694,4
P5,U87-J5-T9,1694,18
P5,U87-J5-T10,1694,1
P5,U87-J5-T11,1694,15
P5,U87-J5-T12,1694,1
P5,U87-J5-T13,1694,8
P5,U87-J5-T14,1694,19
P5,U87-J5-T15,1694,5
P5,U87-J5-T16,1694,32
P5,U87-J5-T17,1694,1
P5,U87-J5-T18,1694,5
P5,U87-J5-T19,1694,2
P5,U87-J5-T20,1694,2
P5,U87-J5-T21,1694,20
P5,U87-J5-T22,1694,101
P5,U87-J5-T23,1694,15
P5,U87-J5-T24,1694,47
P5,U87-J5-T25,1694,13
P5,U87-J5-T26,1694,3
P5,U87-J5-T27,1694,3
P5,U87-J5-T28,1694,1
P2,U21-J3-T0,1697,40
P26,U512-J4-T0,1706,83
P26,U512-J4-T1,1706,79
P26,U512-J4-T2,1706,113
P26,U512-J4-T3,1706,211
P26,U512-J4-T4,1706,370
P26,U512-J4-T5,1706,81
P26,U512-J4-T6,1706,342
P26,U512-J4-T7,1706,125
P26,U512-J4-T8,1706,239
P26,U512-J4-T9,1706,210
P26,U512-J4-T10,1706,88
P26,U512-J4-T11,1706,881
P26,U512-J4-T12,1706,104
P26,U512-J4-T13,1706,82
P26,U512-J4-T14,1706,94
P26,U512-J4-T15,1706,73
P26,U512-J4-T16,1706,307
P26,U512-J4-T17,1706,433
P26,U512-J4-T18,1706,146
P26,U512-J4-T19,1706,135
P26,U512-J4-T20,1706,393
P26,U512-J4-T21,1706,225
P26,U512-J4-T22,1706,50
P26,U512-J4-T23,1706,76
P26,U512-J4-T24,1706,55
P26,U512-J4-T25,1706,287
P26,U512-J4-T26,1706,66
P26,U512-J4-T27,1706,125
P26,U512-J4-T28,1706,273
P26,U512-J4-T29,1706,95
P26,U512-J4-T30,1706,796
P26,U512-J4-T31,1706,29
P26,U512-J4-T32,1706,31
P26,U512-J4-T33,1706,257
P26,U512-J4-T34,1706,799
P26,U512-J4-T35,1706,128
P26,U512-J4-T36,1706,75
P4,U76-J2-T0,1707,4
P4,U76-J2-T1,1707,32
P4,U76-J2-T2,1707,54
P4,U76-J2-T3,1707,217
P4,U76-J2-T4,1707,166
P5,U86-J3-T0,1719,23
P5,U86-J3-T1,1719,59
P24,U478-J4-T0,1726,64
P5,U94-J3-T0,1728,13
P5,U94-J3-T1,1728,12
P5,U94-J3-T2,1728,16
P5,U94-J3-T3,1728,21
P5,U94-J3-T4,1728,3
P5,U94-J3-T5,1728,16
P5,U94-J3-T6,1728,5
P5,U94-J3-T7,1728,4
P5,U94-J3-T8,1728,10
P5,U94-J3-T9,1728,103
P5,U94-J3-T10,1728,28
P5,U94-J3-T11,1728,21
P5,U94-J3-T12,1728,11
P5,U94-J3-T13,1728,49
P5,U94-J3-T14,1728,20
P5,U94-J3-T15,1728,970
P5,U94-J3-T16,1728,25
P5,U94-J3-T17,1728,28
P5,U94-J3-T18,1728,7
P5,U94-J3-T19,1728,18
P5,U94-J3-T20,1728,383
P5,U94-J3-T21,1728,7
P5,U94-J3-T22,1728,227
P5,U94-J3-T23,1728,8
P5,U94-J3-T24,1728,12
P5,U94-J3-T25,1728,2
P1,U4-J1-T0,1734,8
P1,U4-J1-T1,1734,6
P1,U4-J1-T2,1734,401
P1,U12-J4-T0,1736,10
P1,U12-J4-T1,1736,5
P1,U12-J4-T2,1736,36
P1,U12-J4-T3,1736,0
P28,U548-J2-T0,1736,146
P18,U351-J1-T0,1737,16
P1,U13-J1-T0,1742,5
P2,U33-J3-T0,1743,48
P30,U594-J2-T0,1744,1499
P30,U594-J2-T1,1744,1271
P8,U151-J4-T0,1747,132
P8,U151-J4-T1,1747,5
P19,U361-J3-T0,1747,4951
P4,U62-J4-T0,1753,75
P16,U310-J5-T0,1754,144
P16,U310-J5-T1,1754,165
P16,U310-J5-T2,1754,750
P22,U425-J1-T0,1765,346
P22,U425-J1-T1,1765,724
P3,U56-J4-T0,1766,206
P3,U56-J4-T1,1766,15
P3,U56-J4-T2,1766,51
P3,U56-J4-T3,1766,221
P3,U56-J4-T4,1766,271
P3,U56-J4-T5,1766,61
P3,U56-J4-T6,1766,88
P3,U56-J4-T7,1766,382
P4,U63-J2-T0,1768,69
P4,U63-J2-T1,1768,189
P4,U63-J2-T2,1768,41
P4,U63-J2-T3,1768,12
P4,U63-J2-T4,1768,12
P4,U63-J2-T5,1768,6
P4,U63-J2-T6,1768,48
P4,U63-J2-T7,1768,6
P4,U63-J2-T8,1768,5
P4,U63-J2-T9,1768,84
P2,U21-J4-T0,1770,3
P4,U80-J4-T0,1773,5
P4,U80-J4-T1,1773,7
P4,U80-J4-T2,1773,10
P4,U80-J4-T3,1773,4
P4,U80-J4-T4,1773,29
P4,U80-J4-T5,1773,3
P4,U80-J4-T6,1773,15
P4,U80-J4-T7,1773,87
P20,U385-J2-T0,1773,1658
P20,U385-J2-T1,1773,1158
P20,U385-J2-T2,1773,3121
P5,U82-J4-T0,1780,19
P11,U202-J4-T0,1782,132
P6,U119-J1-T0,1787,25
P12,U227-J3-T0,1791,1802
P22,U431-J3-T0,1793,1463
P4,U71-J4-T0,1794,31
P4,U71-J4-T1,1794,5
P4,U71-J4-T2,1794,11
P4,U71-J4-T3,1794,115
P4,U71-J4-T4,1794,6
P4,U71-J4-T5,1794,4
P4,U71-J4-T6,1794,7
P4,U71-J4-T7,1794,181
P14,U279-J5-T0,1797,739
P11,U207-J2-T0,1800,119
P11,U207-J2-T1,1800,1181
P11,U207-J2-T2,1800,1189
P11,U207-J2-T3,1800,48
P11,U207-J2-T4,1800,1158
P11,U207-J2-T5,1800,237
P11,U207-J2-T6,1800,2643
P11,U207-J2-T7,1800,171
P11,U207-J2-T8,1800,173
P13,U259-J5-T0,1800,21
P30,U588-J1-T0,1803,1655
P30,U588-J1-T1,1803,1002
P30,U588-J1-T2,1803,446
P30,U588-J1-T3,1803,219
P30,U588-J1-T4,1803,154
P30,U588-J1-T5,1803,111
P30,U588-J1-T6,1803,333
P30,U588-J1-T7,1803,111
P30,U588-J1-T8,1803,337
P30,U588-J1-T9,1803,1317
P1,U12-J5-T0,1805,6
P1,U12-J5-T1,1805,398
P1,U12-J5-T2,1805,7
P1,U12-J5-T3,1805,39
P1,U12-J5-T4,1805,17
P1,U12-J5-T5,1805,22
P1,U12-J5-T6,1805,6
P1,U12-J5-T7,1805,8
P1,U12-J5-T8,1805,8
P1,U12-J5-T9,1805,6
P1,U12-J5-T10,1805,8
P1,U12-J5-T11,1805,8
P1,U12-J5-T12,1805,79
P1,U12-J5-T13,1805,4
P1,U12-J5-T14,1805,120
P1,U12-J5-T15,1805,147
P1,U12-J5-T16,1805,4
P1,U12-J5-T17,1805,6
P1,U12-J5-T18,1805,11
P1,U12-J5-T19,1805,4
P1,U12-J5-T20,1805,18
P1,U12-J5-T21,1805,8
P1,U12-J5-T22,1805,97
P1,U12-J5-T23,1805,7
P1,U12-J5-T24,1805,8
P26,U515-J2-T0,1810,393
P26,U515-J2-T1,1810,1908
P26,U515-J2-T2,1810,251
P26,U515-J2-T3,1810,943
P11,U201-J1-T0,1812,117
P11,U201-J1-T1,1812,875
P20,U391-J1-T0,1814,289
P13,U247-J3-T0,1821,85
P26,U511-J2-T0,1824,4765
P7,U134-J1-T0,1827,1144
P16,U316-J3-T0,1829,18
P24,U476-J3-T0,1834,3
P24,U476-J3-T1,1834,26
P29,U570-J4-T0,1844,754
P22,U438-J2-T0,1845,30
P22,U438-J2-T1,1845,13
P22,U438-J2-T2,1845,35
P22,U438-J2-T3,1845,78
P22,U438-J2-T4,1845,33
P22,U438-J2-T5,1845,22
P22,U438-J2-T6,1845,157
P22,U438-J2-T7,1845,7
P22,U438-J2-T8,1845,45
P22,U438-J2-T9,1845,11
P22,U438-J2-T10,1845,39
P22,U438-J2-T11,1845,172
P22,U438-J2-T12,1845,300
P26,U510-J2-T0,1849,209
P26,U510-J2-T1,1849,348
P26,U510-J2-T2,1849,224
P26,U510-J2-T3,1849,258
P26,U510-J2-T4,1849,143
P26,U510-J2-T5,1849,307
P26,U510-J2-T6,1849,442
P26,U510-J2-T7,1849,91
P26,U510-J2-T8,1849,25
P26,U510-J2-T9,1849,150
P26,U510-J2-T10,1849,41
P26,U510-J2-T11,1849,77
P26,U510-J2-T12,1849,106
P26,U510-J2-T13,1849,146
P26,U510-J2-T14,1849,57
P26,U510-J2-T15,1849,277
P26,U510-J2-T16,1849,465
P26,U510-J2-T17,1849,175
P26,U510-J2-T18,1849,398
P26,U510-J2-T19,1849,173
P26,U510-J2-T20,1849,239
P26,U510-J2-T21,1849,248
P26,U510-J2-T22,1849,603
P26,U510-J2-T23,1849,73
P26,U510-J2-T24,1849,139
P26,U510-J2-T25,1849,360
P26,U510-J2-T26,1849,73
P26,U510-J2-T27,1849,242
P26,U510-J2-T28,1849,77
P26,U510-J2-T29,1849,36
P26,U510-J2-T30,1849,1942
P14,U272-J4-T0,1851,249
P14,U272-J4-T1,1851,2729
P10,U191-J2-T0,1857,1165
P22,U434-J2-T0,1858,4059
P28,U551-J2-T0,1858,7734
P5,U81-J3-T0,1866,39
P5,U81-J3-T1,1866,5
P5,U81-J3-T2,1866,11
P5,U81-J3-T3,1866,9
P5,U81-J3-T4,1866,11
P2,U22-J2-T0,1870,14
P2,U22-J2-T1,1870,5
P2,U22-J2-T2,1870,4
P2,U22-J2-T3,1870,37
P2,U22-J2-T4,1870,23
P3,U50-J4-T0,1872,2
P26,U503-J2-T0,1873,78
P22,U436-J3-T0,1886,494
P6,U105-J3-T0,1887,199
P6,U105-J3-T1,1887,14
P6,U105-J3-T2,1887,57
P6,U105-J3-T3,1887,42
P6,U105-J3-T4,1887,174
P6,U105-J3-T5,1887,249
P9,U180-J2-T0,1887,7
P9,U180-J2-T1,1887,2
P9,U180-J2-T2,1887,4
P9,U180-J2-T3,1887,10
P9,U180-J2-T4,1887,103
P9,U180-J2-T5,1887,3
P9,U180-J2-T6,1887,380
P9,U180-J2-T7,1887,444
P9,U180-J2-T8,1887,6
P9,U180-J2-T9,1887,492
P9,U180-J2-T10,1887,16
P9,U180-J2-T11,1887,72
P9,U180-J2-T12,1887,3
P9,U180-J2-T13,1887,65
P9,U180-J2-T14,1887,153
P9,U180-J2-T15,1887,44
P9,U180-J2-T16,1887,7
P9,U180-J2-T17,1887,59
P9,U180-J2-T18,1887,11
P9,U180-J2-T19,1887,3
P9,U180-J2-T20,1887,84
P9,U180-J2-T21,1887,830
P9,U180-J2-T22,1887,5
P9,U180-J2-T23,1887,142
P9,U180-J2-T24,1887,23
P9,U180-J2-T25,1887,101
P22,U434-J3-T0,1887,1349
P22,U434-J3-T1,1887,70
P22,U434-J3-T2,1887,751
P12,U221-J3-T0,1891,298
P12,U221-J3-T1,1891,3
P12,U221-J3-T2,1891,24
P12,U221-J3-T3,1891,10
P12,U221-J3-T4,1891,14
P12,U221-J3-T5,1891,19
P12,U221-J3-T6,1891,586
P12,U221-J3-T7,1891,2737
P9,U169-J2-T0,1893,441
P13,U247-J4-T0,1895,53
P25,U489-J4-T0,1896,211
P21,U420-J2-T0,1898,71
P16,U310-J6-T0,1899,6505
P26,U504-J1-T0,1901,15
P3,U52-J4-T0,1903,5
P3,U52-J4-T1,1903,34
P3,U52-J4-T2,1903,7
P18,U351-J2-T0,1908,26
P24,U476-J4-T0,1912,37
P6,U119-J2-T0,1913,264
P6,U119-J2-T1,1913,69
P6,U119-J2-T2,1913,33
P6,U119-J2-T3,1913,436
P6,U119-J2-T4,1913,38
P6,U119-J2-T5,1913,100
P6,U119-J2-T6,1913,63
P3,U55-J2-T0,1930,17
P17,U338-J1-T0,1931,98
P18,U348-J3-T0,1931,6
P20,U396-J2-T0,1931,709
P20,U396-J2-T1,1931,200
P20,U396-J2-T2,1931,7
P20,U396-J2-T3,1931,3
P20,U396-J2-T4,1931,4
P20,U396-J2-T5,1931,805
P22,U428-J4-T0,1938,379
P22,U428-J4-T1,1938,1715
P5,U87-J6-T0,1942,5
P5,U87-J6-T1,1942,11
P5,U87-J6-T2,1942,13
P5,U87-J6-T3,1942,7
P5,U87-J6-T4,1942,7
P5,U87-J6-T5,1942,4
P5,U87-J6-T6,1942,57
P5,U87-J6-T7,1942,2
P5,U87-J6-T8,1942,5
P5,U87-J6-T9,1942,6
P5,U87-J6-T10,1942,2
P5,U87-J6-T11,1942,42
P5,U87-J6-T12,1942,0
P5,U87-J6-T13,1942,8
P5,U87-J6-T14,1942,9
P5,U87-J6-T15,1942,2
P5,U87-J6-T16,1942,20
P5,U87-J6-T17,1942,8
P5,U87-J6-T18,1942,26
P5,U87-J6-T19,1942,39
P5,U87-J6-T20,1942,2
P5,U87-J6-T21,1942,12
P5,U87-J6-T22,1942,10
P5,U87-J6-T23,1942,6
P5,U87-J6-T24,1942,27
P5,U87-J6-T25,1942,2
P5,U87-J6-T26,1942,5
P5,U87-J6-T27,1942,14
P5,U87-J6-T28,1942,10
P5,U87-J6-T29,1942,3
P5,U87-J6-T30,1942,6
P5,U87-J6-T31,1942,17
P5,U87-J6-T32,1942,42
P5,U87-J6-T33,1942,22
P5,U87-J6-T34,1942,4
P5,U87-J6-T35,1942,33
P5,U87-J6-T36,1942,72
P5,U87-J6-T37,1942,228
P5,U87-J6-T38,1942,17
P5,U87-J6-T39,1942,4
P5,U87-J6-T40,1942,14
P5,U87-J6-T41,1942,20
P5,U87-J6-T42,1942,19
P5,U87-J6-T43,1942,6
P5,U87-J6-T44,1942,20
P5,U87-J6-T45,1942,17
P5,U87-J6-T46,1942,6
P5,U87-J6-T47,1942,21
P5,U87-J6-T48,1942,24
P5,U87-J6-T49,1942,9
P5,U87-J6-T50,1942,46
P5,U87-J6-T51,1942,1
P5,U87-J6-T52,1942,10
P5,U87-J6-T53,1942,5
P5,U87-J6-T54,1942,1
P5,U87-J6-T55,1942,24
P5,U87-J6-T56,1942,44
P5,U87-J6-T57,1942,2
P5,U87-J6-T58,1942,1
P5,U87-J6-T59,1942,33
P5,U87-J6-T60,1942,12
P5,U87-J6-T61,1942,5
P5,U87-J6-T62,1942,30
P5,U87-J6-T63,1942,10
P5,U87-J6-T64,1942,10
P5,U87-J6-T65,1942,6
P5,U87-J6-T66,1942,7
P5,U87-J6-T67,1942,12
P5,U87-J6-T68,1942,4
P5,U87-J6-T69,1942,171
P5,U87-J6-T70,1942,4
P5,U87-J6-T71,1942,5
P5,U87-J6-T72,1942,2
P5,U87-J6-T73,1942,1
P5,U87-J6-T74,1942,5
P5,U87-J6-T75,1942,10
P5,U87-J6-T76,1942,21
P5,U87-J6-T77,1942,9
P5,U87-J6-T78,1942,2
P5,U87-J6-T79,1942,6
P5,U87-J6-T80,1942,1
P5,U87-J6-T81,1942,4
P5,U87-J6-T82,1942,5
P5,U87-J6-T83,1942,5
P5,U87-J6-T84,1942,5
P5,U87-J6-T85,1942,2
P5,U87-J6-T86,1942,25
P5,U87-J6-T87,1942,24
P5,U87-J6-T88,1942,17
P5,U87-J6-T89,1942,16
P5,U87-J6-T90,1942,10
P5,U87-J6-T91,1942,70
P5,U87-J6-T92,1942,23
P5,U87-J6-T93,1942,26
P26,U514-J2-T0,1946,767
P26,U514-J2-T1,1946,548
P17,U339-J2-T0,1952,137
P17,U339-J2-T1,1952,199
P17,U339-J2-T2,1952,306
P17,U339-J2-T3,1952,244
P17,U339-J2-T4,1952,50
P17,U339-J2-T5,1952,2387
P11,U207-J3-T0,1953,172
P19,U377-J5-T0,1955,3
P19,U377-J5-T1,1955,2
P19,U377-J5-T2,1955,11
P19,U377-J5-T3,1955,3
P19,U377-J5-T4,1955,56
P19,U377-J5-T5,1955,2
P19,U377-J5-T6,1955,2
P19,U377-J5-T7,1955,6
P19,U377-J5-T8,1955,3
P19,U377-J5-T9,1955,205
P16,U318-J2-T0,1958,271
P28,U558-J1-T0,1961,698
P11,U202-J5-T0,1963,262
P11,U202-J5-T1,1963,304
P11,U202-J5-T2,1963,3
P11,U202-J5-T3,1963,16
P11,U202-J5-T4,1963,238
P11,U202-J5-T5,1963,13
P11,U202-J5-T6,1963,33
P11,U202-J5-T7,1963,49
P11,U202-J5-T8,1963,504
P11,U202-J5-T9,1963,4198
P11,U202-J5-T10,1963,44
P11,U202-J5-T11,1963,17
P11,U202-J5-T12,1963,139
P30,U599-J1-T0,1967,4
P28,U560-J1-T0,1969,99
P28,U560-J1-T1,1969,127
P28,U560-J1-T2,1969,118
P28,U560-J1-T3,1969,53
P2,U26-J3-T0,1970,7
P24,U477-J1-T0,1970,298
P24,U477-J1-T1,1970,652
P18,U358-J3-T0,1975,976
P18,U358-J3-T1,1975,1328
P7,U131-J3-T0,1977,14
P7,U131-J3-T1,1977,125
P7,U131-J3-T2,1977,86
P7,U131-J3-T3,1977,16
P7,U131-J3-T4,1977,11
P7,U131-J3-T5,1977,139
P7,U131-J3-T6,1977,766
P13,U247-J5-T0,1982,22
P1,U12-J6-T0,1984,18
P1,U12-J6-T1,1984,19
P29,U563-J1-T0,1984,72
P26,U512-J5-T0,1990,1061
P26,U512-J5-T1,1990,112
P6,U113-J2-T0,2000,17
P6,U113-J2-T1,2000,596
P28,U548-J3-T0,2000,955
P2,U35-J4-T0,2003,34
P15,U289-J4-T0,2008,4901
P21,U404-J3-T0,2008,1213
P23,U443-J1-T0,2008,7
P13,U251-J3-T0,2009,3420
P19,U376-J5-T0,2010,13
P19,U376-J5-T1,2010,105
P17,U325-J3-T0,2011,2062
P27,U526-J2-T0,2011,1333
P3,U46-J2-T0,2012,4
P3,U46-J2-T1,2012,3
P3,U46-J2-T2,2012,2
P3,U46-J2-T3,2012,6
P13,U259-J6-T0,2012,3523
P4,U76-J3-T0,2028,7
P4,U76-J3-T1,2028,62
P29,U573-J3-T0,2033,526
P8,U141-J1-T0,2039,17
P8,U141-J1-T1,2039,479
P29,U571-J3-T0,2039,90
P29,U571-J3-T1,2039,44
P11,U203-J2-T0,2042,1080
P19,U380-J1-T0,2043,12
P15,U299-J1-T0,2050,424
P15,U299-J1-T1,2050,1128
P25,U493-J2-T0,2058,25
P25,U493-J2-T1,2058,46
P25,U493-J2-T2,2058,27
P25,U493-J2-T3,2058,16
P25,U493-J2-T4,2058,61
P25,U493-J2-T5,2058,63
P25,U493-J2-T6,2058,7
P25,U493-J2-T7,2058,239
P25,U493-J2-T8,2058,23
P25,U493-J2-T9,2058,3
P25,U493-J2-T10,2058,84
P21,U412-J2-T0,2060,97
P1,U3-J2-T0,2062,10
P2,U30-J5-T0,2062,9
P2,U21-J5-T0,2063,12
P7,U125-J2-T0,2066,80
P7,U125-J2-T1,2066,18
P8,U151-J5-T0,2073,379
P22,U430-J1-T0,2081,366
P22,U430-J1-T1,2081,76
P22,U424-J3-T0,2086,163
P1,U16-J1-T0,2087,10
P8,U160-J2-T0,2088,19
P2,U31-J2-T0,2094,10
P2,U31-J2-T1,2094,25
P2,U31-J2-T2,2094,12
P2,U31-J2-T3,2094,6
P2,U31-J2-T4,2094,77
P2,U31-J2-T5,2094,211
P11,U208-J2-T0,2100,2302
P24,U469-J2-T0,2100,407
P16,U314-J2-T0,2105,7
P28,U551-J3-T0,2105,309
P20,U390-J1-T0,2107,29
P20,U390-J1-T1,2107,13
P23,U453-J2-T0,2107,11
P23,U453-J2-T1,2107,50
P23,U453-J2-T2,2107,49
P7,U136-J1-T0,2108,453
P26,U520-J3-T0,2113,29
P10,U199-J4-T0,2115,47
P13,U245-J1-T0,2116,257
P13,U245-J1-T1,2116,489
P8,U154-J2-T0,2117,413
P4,U66-J3-T0,2121,5
P4,U66-J3-T1,2121,4
P4,U66-J3-T2,2121,5
P4,U66-J3-T3,2121,2
P4,U66-J3-T4,2121,2
P11,U207-J4-T0,2127,1455
P3,U47-J4-T0,2128,10
P3,U47-J4-T1,2128,8
P3,U47-J4-T2,2128,15
P28,U556-J1-T0,2128,341
P28,U556-J1-T1,2128,242
P28,U556-J1-T2,2128,522
P28,U556-J1-T3,2128,514
P28,U556-J1-T4,2128,61
P28,U556-J1-T5,2128,200
P28,U556-J1-T6,2128,73
P28,U556-J1-T7,2128,27
P28,U556-J1-T8,2128,36
P28,U556-J1-T9,2128,343
P28,U556-J1-T10,2128,180
P28,U556-J1-T11,2128,239
P28,U556-J1-T12,2128,520
P28,U556-J1-T13,2128,330
P28,U556-J1-T14,2128,199
P28,U556-J1-T15,2128,295
P28,U556-J1-T16,2128,385
P4,U80-J5-T0,2130,8
P4,U80-J5-T1,2130,2
P4,U80-J5-T2,2130,8
P21,U402-J3-T0,2135,151
P30,U598-J3-T0,2140,272
P2,U25-J4-T0,2143,6
P4,U69-J3-T0,2158,7
P24,U473-J2-T0,2161,7
P24,U473-J2-T1,2161,167
P24,U473-J2-T2,2161,28
P24,U473-J2-T3,2161,274
P24,U473-J2-T4,2161,30
P5,U99-J1-T0,2162,3
P5,U99-J1-T1,2162,1328
P11,U218-J1-T0,2162,1396
P10,U191-J3-T0,2169,4527
P5,U89-J1-T0,2174,9
P5,U89-J1-T1,2174,5
P5,U89-J1-T2,2174,3
P19,U362-J3-T0,2177,33
P2,U26-J4-T0,2178,202
P2,U26-J4-T1,2178,108
P2,U26-J4-T2,2178,60
P2,U26-J4-T3,2178,15
P2,U26-J4-T4,2178,8
P2,U26-J4-T5,2178,176
P18,U354-J5-T0,2178,1493
P29,U571-J4-T0,2178,2
P23,U452-J6-T0,2179,18
P23,U452-J6-T1,2179,304
P27,U536-J1-T0,2189,32
P27,U536-J1-T1,2189,252
P27,U536-J1-T2,2189,175
P27,U536-J1-T3,2189,373
P27,U536-J1-T4,2189,115
P27,U536-J1-T5,2189,116
P27,U536-J1-T6,2189,774
P27,U536-J1-T7,2189,359
P27,U536-J1-T8,2189,131
P27,U536-J1-T9,2189,177
P27,U536-J1-T10,2189,35
P27,U536-J1-T11,2189,283
P27,U536-J1-T12,2189,112
P27,U536-J1-T13,2189,143
P27,U536-J1-T14,2189,157
P27,U536-J1-T15,2189,52
P27,U536-J1-T16,2189,521
P27,U536-J1-T17,2189,654
P27,U536-J1-T18,2189,41
P27,U536-J1-T19,2189,18
P27,U536-J1-T20,2189,46
P22,U431-J4-T0,2191,1023
P4,U76-J4-T0,2192,37
P7,U130-J1-T0,2195,869
P19,U370-J2-T0,2204,51
P14,U267-J2-T0,2206,332
P14,U267-J2-T1,2206,3
P14,U267-J2-T2,2206,163
P14,U267-J2-T3,2206,768
P14,U267-J2-T4,2206,32
P14,U267-J2-T5,2206,79
P14,U267-J2-T6,2206,4
P20,U391-J2-T0,2207,499
P25,U490-J4-T0,2208,13
P25,U490-J4-T1,2208,147
P25,U490-J4-T2,2208,9
P25,U490-J4-T3,2208,13
P25,U490-J4-T4,2208,6
P25,U490-J4-T5,2208,10
P25,U490-J4-T6,2208,175
P25,U490-J4-T7,2208,45
P25,U490-J4-T8,2208,5173
P5,U81-J4-T0,2211,97
P29,U562-J4-T0,2211,8369
P22,U421-J2-T0,2212,1124
P15,U298-J1-T0,2215,117
P15,U298-J1-T1,2215,74
P15,U298-J1-T2,2215,1788
P15,U298-J1-T3,2215,374
P15,U298-J1-T4,2215,47
P15,U298-J1-T5,2215,5699
P26,U503-J3-T0,2217,7
P12,U221-J4-T0,2218,716
P26,U511-J3-T0,2220,4038
P30,U598-J4-T0,2235,1314
P15,U289-J5-T0,2239,7930
P22,U430-J2-T0,2240,708
P29,U580-J1-T0,2243,3
P2,U21-J6-T0,2245,2
P2,U21-J6-T1,2245,3
P2,U21-J6-T2,2245,1
P6,U113-J3-T0,2257,167
P6,U113-J3-T1,2257,615
P8,U145-J1-T0,2257,919
P9,U171-J1-T0,2257,136
P14,U265-J3-T0,2266,306
P18,U344-J4-T0,2266,3
P1,U9-J1-T0,2269,5
P23,U457-J3-T0,2281,298
P1,U4-J2-T0,2284,19
P2,U38-J5-T0,2285,7
P2,U38-J5-T1,2285,3
P28,U558-J2-T0,2285,4245
P27,U531-J4-T0,2294,189
P27,U531-J4-T1,2294,2157
P27,U531-J4-T2,2294,588
P27,U531-J4-T3,2294,5606
P27,U535-J2-T0,2296,512
P27,U535-J2-T1,2296,5910
P30,U589-J2-T0,2297,208
P18,U356-J2-T0,2299,51
P18,U356-J2-T1,2299,3149
P12,U226-J1-T0,2303,60
P25,U489-J5-T0,2306,7490
P21,U420-J3-T0,2307,176
P7,U125-J3-T0,2308,1924
P7,U125-J3-T1,2308,143
P7,U125-J3-T2,2308,300
P7,U125-J3-T3,2308,204
P24,U475-J1-T0,2313,51
P16,U318-J3-T0,2317,39
P16,U318-J3-T1,2317,42
P16,U318-J3-T2,2317,223
P6,U107-J2-T0,2319,71
P2,U31-J3-T0,2322,10
P2,U31-J3-T1,2322,5
P2,U31-J3-T2,2322,192
P2,U31-J3-T3,2322,4
P2,U31-J3-T4,2322,233
P20,U385-J3-T0,2322,588
P20,U385-J3-T1,2322,398
P20,U385-J3-T2,2322,81
P20,U385-J3-T3,2322,168
P11,U219-J3-T0,2331,891
P4,U62-J5-T0,2332,11
P5,U99-J2-T0,2344,4
P1,U3-J3-T0,2347,5
P1,U3-J3-T1,2347,6
P1,U3-J3-T2,2347,0
P5,U92-J4-T0,2355,10
P5,U92-J4-T1,2355,37
P5,U92-J4-T2,2355,11
P5,U92-J4-T3,2355,3
P5,U92-J4-T4,2355,51
P5,U92-J4-T5,2355,523
P29,U564-J1-T0,2358,7
P28,U557-J1-T0,2360,122
P28,U557-J1-T1,2360,10
P18,U351-J3-T0,2373,10
P5,U99-J3-T0,2376,9
P5,U99-J3-T1,2376,2
P26,U515-J3-T0,2378,1869
P22,U424-J4-T0,2380,18
P22,U424-J4-T1,2380,43
P8,U147-J1-T0,2382,209
P23,U457-J4-T0,2385,3295
P18,U348-J4-T0,2387,9
P22,U421-J3-T0,2388,93
P3,U53-J2-T0,2402,36
P3,U53-J2-T1,2402,29
P3,U53-J2-T2,2402,15
P3,U53-J2-T3,2402,8
P3,U53-J2-T4,2402,29
P3,U53-J2-T5,2402,4
P25,U500-J2-T0,2403,19
P25,U500-J2-T1,2403,54
P29,U567-J3-T0,2404,7151
P25,U489-J6-T0,2409,51
P6,U116-J2-T0,2412,144
P10,U188-J1-T0,2412,624
P27,U525-J4-T0,2413,5605
P8,U154-J3-T0,2414,815
P8,U154-J3-T1,2414,5
P8,U154-J3-T2,2414,464
P5,U84-J2-T0,2417,97
P20,U398-J4-T0,2421,1345
P23,U452-J7-T0,2421,2
P27,U524-J3-T0,2434,380
P7,U134-J2-T0,2435,9
P22,U423-J2-T0,2440,638
P5,U85-J3-T0,2445,3
P5,U85-J3-T1,2445,16
P5,U85-J3-T2,2445,24
P5,U85-J3-T3,2445,100
P5,U85-J3-T4,2445,338
P2,U38-J6-T0,2451,23
P24,U478-J5-T0,2451,800
P5,U84-J3-T0,2452,20
P5,U84-J3-T1,2452,118
P16,U308-J1-T0,2454,24
P16,U308-J1-T1,2454,46
P3,U54-J4-T0,2455,56
P3,U54-J4-T1,2455,8
P3,U54-J4-T2,2455,7
P3,U54-J4-T3,2455,3
P3,U54-J4-T4,2455,13
P3,U54-J4-T5,2455,43
P3,U54-J4-T6,2455,12
P3,U54-J4-T7,2455,16
P3,U54-J4-T8,2455,3
P3,U54-J4-T9,2455,4
P3,U54-J4-T10,2455,3
P3,U54-J4-T11,2455,8
P3,U54-J4-T12,2455,6
P3,U54-J4-T13,2455,27
P25,U492-J2-T0,2455,32
P25,U492-J2-T1,2455,112
P2,U21-J7-T0,2459,6
P20,U390-J2-T0,2459,329
P19,U377-J6-T0,2461,2
P19,U377-J6-T1,2461,3
P19,U377-J6-T2,2461,145
P1,U13-J2-T0,2476,245
P9,U171-J2-T0,2479,812
P27,U532-J1-T0,2484,63
P27,U532-J1-T1,2484,151
P27,U532-J1-T2,2484,117
P27,U532-J1-T3,2484,62
P27,U532-J1-T4,2484,345
P27,U532-J1-T5,2484,199
P27,U532-J1-T6,2484,31
P27,U532-J1-T7,2484,19
P2,U26-J5-T0,2489,8
P8,U156-J4-T0,2494,10
P8,U156-J4-T1,2494,691
P20,U397-J3-T0,2494,2
P20,U397-J3-T1,2494,4
P20,U397-J3-T2,2494,15
P20,U397-J3-T3,2494,317
P12,U239-J6-T0,2501,59
P22,U431-J5-T0,2501,3216
P22,U431-J5-T1,2501,910
P22,U431-J5-T2,2501,1178
P28,U555-J2-T0,2502,8000
P28,U555-J2-T1,2502,284
P5,U86-J4-T0,2503,15
P5,U86-J4-T1,2503,51
P5,U86-J4-T2,2503,4
P5,U86-J4-T3,2503,17
P5,U86-J4-T4,2503,113
P5,U86-J4-T5,2503,64
P5,U86-J4-T6,2503,373
P5,U86-J4-T7,2503,5
P5,U86-J4-T8,2503,10
P5,U86-J4-T9,2503,5
P5,U86-J4-T10,2503,5
P5,U86-J4-T11,2503,9
P5,U86-J4-T12,2503,36
P5,U86-J4-T13,2503,14
P5,U86-J4-T14,2503,91
P5,U86-J4-T15,2503,9
P5,U86-J4-T16,2503,55
P5,U86-J4-T17,2503,49
P5,U86-J4-T18,2503,46
P5,U86-J4-T19,2503,9
P5,U86-J4-T20,2503,19
P5,U86-J4-T21,2503,15
P5,U86-J4-T22,2503,3
P5,U86-J4-T23,2503,11
P5,U86-J4-T24,2503,77
P5,U86-J4-T25,2503,200
P5,U86-J4-T26,2503,37
P5,U86-J4-T27,2503,21
P5,U86-J4-T28,2503,8
P5,U86-J4-T29,2503,70
P5,U86-J4-T30,2503,20
P5,U86-J4-T31,2503,4
P5,U86-J4-T32,2503,10
P5,U86-J4-T33,2503,52
P5,U86-J4-T34,2503,3312
P25,U489-J7-T0,2510,4850
P2,U34-J1-T0,2515,29
P2,U34-J1-T1,2515,1
P7,U134-J3-T0,2516,8445
P4,U74-J1-T0,2524,23
P4,U74-J1-T1,2524,32
P4,U74-J1-T2,2524,3
P4,U74-J1-T3,2524,19
P4,U74-J1-T4,2524,11
P4,U74-J1-T5,2524,1
P10,U191-J4-T0,2525,25
P10,U191-J4-T1,2525,9
P10,U191-J4-T2,2525,43
P10,U191-J4-T3,2525,46
P10,U191-J4-T4,2525,35
P10,U191-J4-T5,2525,220
P10,U191-J4-T6,2525,103
P10,U191-J4-T7,2525,1523
P10,U191-J4-T8,2525,630
P2,U38-J7-T0,2530,9
P1,U12-J7-T0,2531,4
P4,U78-J2-T0,2531,7
P4,U78-J2-T1,2531,7
P4,U63-J3-T0,2532,39
P2,U27-J3-T0,2544,49
P2,U27-J3-T1,2544,22
P29,U573-J4-T0,2545,1749
P29,U573-J4-T1,2545,3287
P5,U82-J5-T0,2546,11
P5,U82-J5-T1,2546,110
P5,U82-J5-T2,2546,156
P6,U116-J3-T0,2547,44
P3,U60-J3-T0,2560,5
P10,U200-J1-T0,2566,561
P3,U56-J5-T0,2587,145
P3,U56-J5-T1,2587,146
P3,U56-J5-T2,2587,24
P3,U56-J5-T3,2587,316
P3,U56-J5-T4,2587,226
P3,U56-J5-T5,2587,27
P3,U56-J5-T6,2587,8
P3,U56-J5-T7,2587,171
P21,U411-J2-T0,2591,39
P15,U290-J3-T0,2593,70
P22,U423-J3-T0,2597,545
P22,U423-J3-T1,2597,1588
P22,U423-J3-T2,2597,887
P22,U430-J3-T0,2599,54
P4,U66-J4-T0,2604,5
P30,U583-J3-T0,2613,140
P30,U583-J3-T1,2613,313
P30,U583-J3-T2,2613,186
P30,U583-J3-T3,2613,703
P30,U583-J3-T4,2613,278
P30,U583-J3-T5,2613,123
P30,U583-J3-T6,2613,581
P30,U583-J3-T7,2613,163
P30,U583-J3-T8,2613,87
P30,U583-J3-T9,2613,251
P30,U583-J3-T10,2613,68
P30,U583-J3-T11,2613,118
P30,U583-J3-T12,2613,308
P30,U583-J3-T13,2613,61
P30,U583-J3-T14,2613,130
P30,U583-J3-T15,2613,110
P30,U583-J3-T16,2613,113
P30,U583-J3-T17,2613,109
P30,U583-J3-T18,2613,144
P30,U583-J3-T19,2613,36
P30,U583-J3-T20,2613,566
P30,U583-J3-T21,2613,80
P30,U583-J3-T22,2613,351
P30,U583-J3-T23,2613,594
P22,U421-J4-T0,2619,61
P8,U151-J6-T0,2621,6813
P21,U406-J2-T0,2630,8
P5,U84-J4-T0,2637,4
P5,U84-J4-T1,2637,5
P5,U84-J4-T2,2637,14
P10,U192-J2-T0,2638,6
P5,U81-J5-T0,2640,4
P3,U51-J2-T0,2641,60
P3,U51-J2-T1,2641,393
P16,U307-J3-T0,2647,6454
P28,U557-J2-T0,2652,180
P18,U347-J1-T0,2653,1247
P9,U168-J3-T0,2654,483
P9,U168-J3-T1,2654,186
P27,U540-J1-T0,2656,57
P27,U540-J1-T1,2656,159
P27,U540-J1-T2,2656,26
P27,U540-J1-T3,2656,110
P27,U540-J1-T4,2656,110
P27,U540-J1-T5,2656,404
P27,U540-J1-T6,2656,49
P27,U540-J1-T7,2656,1193
P27,U540-J1-T8,2656,383
P27,U540-J1-T9,2656,228
P27,U540-J1-T10,2656,55
P27,U540-J1-T11,2656,270
P27,U540-J1-T12,2656,272
P27,U540-J1-T13,2656,201
P27,U540-J1-T14,2656,330
P27,U540-J1-T15,2656,330
P28,U551-J4-T0,2657,748
P29,U567-J4-T0,2664,1693
P30,U594-J3-T0,2664,2475
P2,U34-J2-T0,2669,3
P2,U36-J5-T0,2671,26
P2,U36-J5-T1,2671,11
P2,U36-J5-T2,2671,11
P2,U36-J5-T3,2671,12
P2,U36-J5-T4,2671,4
P2,U36-J5-T5,2671,193
P27,U534-J2-T0,2672,6771
P13,U252-J1-T0,2673,532
P20,U382-J1-T0,2677,167
P29,U571-J5-T0,2677,1
P3,U58-J3-T0,2678,67
P3,U58-J3-T1,2678,13
P2,U31-J4-T0,2679,6
P2,U31-J4-T1,2679,40
P2,U31-J4-T2,2679,22
P4,U77-J2-T0,2680,7
P4,U80-J6-T0,2684,30
P4,U80-J6-T1,2684,2
P4,U80-J6-T2,2684,37
P12,U237-J2-T0,2686,1398
P20,U391-J3-T0,2686,66
P11,U219-J4-T0,2691,559
P15,U286-J2-T0,2692,82
P20,U394-J2-T0,2692,1512
P5,U85-J4-T0,2696,46
P20,U395-J2-T0,2702,2
P20,U395-J2-T1,2702,3
P20,U395-J2-T2,2702,6
P20,U395-J2-T3,2702,1
P20,U395-J2-T4,2702,5
P30,U584-J2-T0,2716,1832
P30,U584-J2-T1,2716,228
P30,U584-J2-T2,2716,852
P30,U584-J2-T3,2716,500
P29,U562-J5-T0,2724,834
P29,U562-J5-T1,2724,7150
P6,U113-J4-T0,2726,23
P6,U113-J4-T1,2726,878
P6,U113-J4-T2,2726,11
P6,U113-J4-T3,2726,1364
P6,U113-J4-T4,2726,44
P6,U113-J4-T5,2726,122
P6,U113-J4-T6,2726,1396
P6,U113-J4-T7,2726,27
P6,U113-J4-T8,2726,75
P6,U113-J4-T9,2726,73
P6,U113-J4-T10,2726,297
P6,U113-J4-T11,2726,374
P6,U113-J4-T12,2726,3
P6,U113-J4-T13,2726,22
P6,U113-J4-T14,2726,18
P6,U113-J4-T15,2726,422
P6,U113-J4-T16,2726,5
P6,U113-J4-T17,2726,1281
P7,U140-J2-T0,2731,159
P26,U519-J2-T0,2733,276
P18,U342-J3-T0,2736,26
P18,U342-J3-T1,2736,2
P18,U342-J3-T2,2736,12
P18,U342-J3-T3,2736,4
P18,U342-J3-T4,2736,3
P18,U342-J3-T5,2736,794
P18,U342-J3-T6,2736,2
P18,U342-J3-T7,2736,2
P18,U342-J3-T8,2736,269
P18,U342-J3-T9,2736,3
P18,U342-J3-T10,2736,129
P18,U342-J3-T11,2736,27
P18,U342-J3-T12,2736,1
P18,U342-J3-T13,2736,3
P18,U342-J3-T14,2736,6
P18,U342-J3-T15,2736,21
P18,U342-J3-T16,2736,24
P18,U342-J3-T17,2736,1
P18,U342-J3-T18,2736,2
P18,U342-J3-T19,2736,1
P18,U342-J3-T20,2736,86
P9,U170-J1-T0,2738,251
P5,U85-J5-T0,2742,59
P5,U85-J5-T1,2742,8
P1,U14-J2-T0,2746,26
P5,U84-J5-T0,2749,16
P21,U406-J3-T0,2751,382
P4,U73-J7-T0,2754,137
P14,U278-J1-T0,2757,2617
P5,U97-J4-T0,2764,8
P14,U272-J5-T0,2764,2295
P23,U459-J2-T0,2766,12
P23,U459-J2-T1,2766,112
P23,U459-J2-T2,2766,174
P23,U459-J2-T3,2766,34
P8,U141-J2-T0,2771,52
P15,U286-J3-T0,2775,230
P28,U554-J1-T0,2775,114
P28,U554-J1-T1,2775,188
P28,U554-J1-T2,2775,45
P3,U54-J5-T0,2778,213
P5,U86-J5-T0,2790,62
P5,U86-J5-T1,2790,151
P5,U86-J5-T2,2790,31
P5,U86-J5-T3,2790,3
P5,U86-J5-T4,2790,7
P5,U86-J5-T5,2790,347
P28,U557-J3-T0,2794,409
P28,U557-J3-T1,2794,238
P25,U495-J2-T0,2795,29
P25,U495-J2-T1,2795,16
P25,U495-J2-T2,2795,1371
P25,U495-J2-T3,2795,765
P25,U495-J2-T4,2795,1033
P30,U599-J2-T0,2798,3
P4,U80-J7-T0,2799,19
P17,U324-J1-T0,2800,1667
P30,U583-J4-T0,2802,38
P30,U583-J4-T1,2802,144
P30,U583-J4-T2,2802,445
P30,U583-J4-T3,2802,104
P30,U583-J4-T4,2802,43
P30,U583-J4-T5,2802,1004
P30,U583-J4-T6,2802,1004
P30,U583-J4-T7,2802,170
P30,U583-J4-T8,2802,122
P30,U583-J4-T9,2802,58
P30,U583-J4-T10,2802,64
P30,U583-J4-T11,2802,128
P2,U30-J6-T0,2803,4
P2,U30-J6-T1,2803,5
P2,U26-J6-T0,2809,3
P2,U26-J6-T1,2809,8
P2,U26-J6-T2,2809,3
P2,U26-J6-T3,2809,10
P2,U26-J6-T4,2809,62
P2,U26-J6-T5,2809,21
P2,U26-J6-T6,2809,77
P2,U26-J6-T7,2809,40
P2,U26-J6-T8,2809,36
P2,U26-J6-T9,2809,4
P2,U26-J6-T10,2809,32
P2,U26-J6-T11,2809,27
P2,U26-J6-T12,2809,60
P2,U26-J6-T13,2809,10
P2,U26-J6-T14,2809,51
P2,U26-J6-T15,2809,5
P2,U26-J6-T16,2809,17
P2,U26-J6-T17,2809,45
P2,U26-J6-T18,2809,78
P2,U26-J6-T19,2809,2
P2,U26-J6-T20,2809,3
P2,U26-J6-T21,2809,8
P2,U26-J6-T22,2809,52
P2,U26-J6-T23,2809,84
P2,U26-J6-T24,2809,10
P2,U26-J6-T25,2809,14
P2,U26-J6-T26,2809,40
P2,U26-J6-T27,2809,12
P3,U44-J1-T0,2809,4
P3,U44-J1-T1,2809,3
P19,U366-J1-T0,2812,331
P19,U366-J1-T1,2812,2
P19,U366-J1-T2,2812,297
P19,U366-J1-T3,2812,1279
P23,U443-J2-T0,2812,5267
P14,U279-J6-T0,2831,128
P2,U27-J4-T0,2838,16
P2,U27-J4-T1,2838,12
P2,U27-J4-T2,2838,191
P28,U548-J4-T0,2847,401
P26,U510-J3-T0,2851,137
P26,U510-J3-T1,2851,143
P3,U56-J6-T0,2860,47
P2,U32-J1-T0,2861,5
P3,U45-J4-T0,2861,5
P19,U380-J2-T0,2869,789
P11,U202-J6-T0,2880,1244
P16,U320-J1-T0,2880,488
P18,U344-J5-T0,2885,8
P14,U262-J2-T0,2887,297
P12,U235-J1-T0,2889,677
P16,U311-J1-T0,2892,262
P2,U30-J7-T0,2893,112
P2,U30-J7-T1,2893,3
P2,U30-J7-T2,2893,18
P2,U30-J7-T3,2893,8
P2,U30-J7-T4,2893,58
P2,U30-J7-T5,2893,21
P2,U30-J7-T6,2893,3
P2,U30-J7-T7,2893,14
P2,U30-J7-T8,2893,174
P11,U205-J1-T0,2893,401
P11,U205-J1-T1,2893,222
P4,U68-J3-T0,2898,3
P15,U289-J6-T0,2902,51
P15,U289-J6-T1,2902,4
P15,U289-J6-T2,2902,37
P15,U289-J6-T3,2902,2839
P15,U289-J6-T4,2902,11
P15,U289-J6-T5,2902,866
P3,U47-J5-T0,2904,22
P3,U47-J5-T1,2904,8
P12,U234-J3-T0,2906,422
P12,U234-J3-T1,2906,1048
P2,U31-J5-T0,2908,234
P24,U478-J6-T0,2917,89
P24,U478-J6-T1,2917,6
P24,U478-J6-T2,2917,81
P11,U219-J5-T0,2921,2801
P26,U516-J2-T0,2923,180
P25,U489-J8-T0,2926,3026
P25,U489-J8-T1,2926,4515
P29,U561-J3-T0,2928,6235
P16,U316-J4-T0,2931,22
P12,U239-J7-T0,2932,47
P27,U533-J1-T0,2933,111
P27,U533-J1-T1,2933,73
P27,U533-J1-T2,2933,1647
P27,U533-J1-T3,2933,25
P27,U533-J1-T4,2933,729
P4,U62-J6-T0,2936,6
P28,U555-J3-T0,2936,59
P28,U555-J3-T1,2936,271
P28,U555-J3-T2,2936,582
P28,U555-J3-T3,2936,1446
P20,U398-J5-T0,2945,1568
P12,U221-J5-T0,2946,145
P11,U201-J2-T0,2947,838
P11,U201-J2-T1,2947,2434
P11,U201-J2-T2,2947,135
P11,U201-J2-T3,2947,670
P30,U595-J1-T0,2951,2456
P30,U595-J1-T1,2951,4706
P2,U33-J4-T0,2954,4
P2,U33-J4-T1,2954,14
P2,U33-J4-T2,2954,98
P2,U33-J4-T3,2954,373
P2,U33-J4-T4,2954,47
P2,U33-J4-T5,2954,14
P2,U33-J4-T6,2954,13
P2,U33-J4-T7,2954,40
P2,U33-J4-T8,2954,108
P2,U33-J4-T9,2954,4
P2,U33-J4-T10,2954,31
P2,U33-J4-T11,2954,10
P2,U33-J4-T12,2954,48
P2,U33-J4-T13,2954,74
P2,U33-J4-T14,2954,26
P2,U33-J4-T15,2954,8
P2,U33-J4-T16,2954,7
P2,U33-J4-T17,2954,18
P2,U33-J4-T18,2954,181
P2,U33-J4-T19,2954,4
P2,U33-J4-T20,2954,4
P2,U33-J4-T21,2954,5
P2,U33-J4-T22,2954,131
P2,U33-J4-T23,2954,85
P2,U33-J4-T24,2954,4
P2,U33-J4-T25,2954,29
P2,U33-J4-T26,2954,12
P2,U33-J4-T27,2954,19
P2,U33-J4-T28,2954,4
P2,U33-J4-T29,2954,47
P2,U33-J4-T30,2954,16
P2,U33-J4-T31,2954,13
P2,U33-J4-T32,2954,5
P2,U33-J4-T33,2954,5
P2,U33-J4-T34,2954,9
P2,U33-J4-T35,2954,22
P2,U33-J4-T36,2954,61
P2,U33-J4-T37,2954,15
P2,U33-J4-T38,2954,4
P2,U33-J4-T39,2954,5
P2,U33-J4-T40,2954,15
P2,U33-J4-T41,2954,11
P2,U33-J4-T42,2954,31
P2,U33-J4-T43,2954,20
P2,U33-J4-T44,2954,3
P2,U33-J4-T45,2954,26
P2,U33-J4-T46,2954,12
P2,U33-J4-T47,2954,938
P9,U173-J2-T0,2954,21
P29,U580-J2-T0,2957,4125
P19,U366-J2-T0,2959,1405
P28,U556-J2-T0,2961,710
P28,U556-J2-T1,2961,228
P28,U556-J2-T2,2961,310
P28,U556-J2-T3,2961,202
P28,U550-J2-T0,2962,6666
P30,U594-J4-T0,2969,822
P21,U412-J3-T0,2971,67
P21,U412-J3-T1,2971,18
P21,U412-J3-T2,2971,87
P21,U412-J3-T3,2971,51
P21,U412-J3-T4,2971,748
P17,U325-J4-T0,2974,3865
P5,U82-J6-T0,2975,6
P5,U82-J6-T1,2975,47
P5,U82-J6-T2,2975,39
P29,U573-J5-T0,2978,249
P29,U573-J5-T1,2978,3292
P23,U457-J5-T0,2979,8259
P21,U405-J1-T0,2988,4
P21,U405-J1-T1,2988,856
P30,U598-J5-T0,2988,2101
P22,U421-J5-T0,2992,18
P9,U170-J2-T0,2997,2174
P26,U503-J4-T0,3001,1234
P8,U154-J4-T0,3011,6
P4,U62-J7-T0,3015,458
P29,U571-J6-T0,3034,1
P14,U278-J2-T0,3035,389
P12,U230-J2-T0,3041,84
P12,U230-J2-T1,3041,37
P3,U46-J3-T0,3045,4
P13,U252-J2-T0,3054,20
P13,U252-J2-T1,3054,135
P13,U252-J2-T2,3054,6177
P14,U269-J3-T0,3055,895
P14,U269-J3-T1,3055,41
P2,U32-J2-T0,3065,20
P2,U32-J2-T1,3065,17
P16,U302-J1-T0,3065,433
P25,U495-J3-T0,3066,19
P25,U495-J3-T1,3066,1428
P25,U495-J3-T2,3066,1082
P25,U495-J3-T3,3066,275
P25,U495-J3-T4,3066,627
P29,U578-J1-T0,3073,56
P29,U578-J1-T1,3073,93
P29,U578-J1-T2,3073,1479
P29,U578-J1-T3,3073,116
P29,U578-J1-T4,3073,32
P29,U578-J1-T5,3073,689
P29,U578-J1-T6,3073,127
P29,U578-J1-T7,3073,596
P29,U578-J1-T8,3073,243
P2,U39-J3-T0,3076,4
P2,U39-J3-T1,3076,8
P2,U39-J3-T2,3076,10
P2,U39-J3-T3,3076,145
P2,U39-J3-T4,3076,328
P28,U543-J3-T0,3078,3341
P21,U412-J4-T0,3079,108
P21,U412-J4-T1,3079,9
P21,U412-J4-T2,3079,49
P21,U412-J4-T3,3079,7
P11,U207-J5-T0,3080,63
P11,U207-J5-T1,3080,344
P18,U360-J3-T0,3081,84
P18,U360-J3-T1,3081,1152
P19,U368-J1-T0,3099,47
P19,U368-J1-T1,3099,1296
P19,U368-J1-T2,3099,2074
P28,U553-J1-T0,3102,1143
P4,U73-J8-T0,3104,58
P4,U73-J8-T1,3104,27
P9,U180-J3-T0,3105,15
P9,U180-J3-T1,3105,258
P9,U180-J3-T2,3105,51
P9,U180-J3-T3,3105,271
P9,U180-J3-T4,3105,5631
P25,U489-J9-T0,3108,403
P25,U489-J9-T1,3108,369
P2,U29-J1-T0,3110,11
P2,U29-J1-T1,3110,163
P2,U29-J1-T2,3110,14
P2,U29-J1-T3,3110,39
P2,U29-J1-T4,3110,4
P2,U29-J1-T5,3110,2
P2,U29-J1-T6,3110,6
P2,U29-J1-T7,3110,8
P2,U29-J1-T8,3110,81
P2,U29-J1-T9,3110,32
P4,U64-J3-T0,3110,52
P14,U270-J2-T0,3111,2679
P2,U31-J6-T0,3115,6
P2,U31-J6-T1,3115,9
P2,U31-J6-T2,3115,17
P2,U31-J6-T3,3115,33
P2,U31-J6-T4,3115,7
P2,U31-J6-T5,3115,14
P2,U31-J6-T6,3115,2
P2,U31-J6-T7,3115,39
P2,U31-J6-T8,3115,7
P30,U597-J1-T0,3115,4497
P30,U597-J1-T1,3115,2784
P14,U263-J2-T0,3118,1473
P14,U263-J2-T1,3118,301
P4,U80-J8-T0,3121,13
P4,U80-J8-T1,3121,4
P4,U80-J8-T2,3121,1
P27,U530-J5-T0,3123,434
P4,U75-J2-T0,3125,3
P4,U75-J2-T1,3125,35
P4,U75-J2-T2,3125,60
P25,U490-J5-T0,3127,38
P25,U490-J5-T1,3127,133
P20,U398-J6-T0,3137,29
P20,U398-J6-T1,3137,965
P20,U398-J6-T2,3137,33
P20,U398-J6-T3,3137,21
P20,U398-J6-T4,3137,245
P20,U398-J6-T5,3137,535
P5,U93-J2-T0,3138,3
P17,U324-J2-T0,3139,270
P4,U66-J5-T0,3140,5
P11,U213-J4-T0,3152,53
P3,U48-J2-T0,3159,45
P3,U48-J2-T1,3159,9
P3,U48-J2-T2,3159,5
P3,U48-J2-T3,3159,4
P3,U48-J2-T4,3159,5
P3,U48-J2-T5,3159,5
P3,U48-J2-T6,3159,8
P3,U48-J2-T7,3159,13
P3,U48-J2-T8,3159,51
P3,U48-J2-T9,3159,7
P3,U48-J2-T10,3159,9
P3,U48-J2-T11,3159,78
P3,U48-J2-T12,3159,31
P3,U48-J2-T13,3159,11
P4,U71-J5-T0,3160,4
P4,U71-J5-T1,3160,3
P4,U71-J5-T2,3160,15
P4,U71-J5-T3,3160,12
P4,U71-J5-T4,3160,3
P3,U51-J3-T0,3171,22
P3,U51-J3-T1,3171,43
P3,U51-J3-T2,3171,92
P3,U51-J3-T3,3171,455
P3,U51-J3-T4,3171,14
P3,U51-J3-T5,3171,164
P3,U51-J3-T6,3171,134
P3,U51-J3-T7,3171,19
P3,U51-J3-T8,3171,407
P3,U51-J3-T9,3171,471
P2,U31-J7-T0,3174,30
P2,U31-J7-T1,3174,2
P2,U31-J7-T2,3174,0
P4,U75-J3-T0,3177,6
P4,U75-J3-T1,3177,55
P8,U152-J2-T0,3179,2
P2,U23-J1-T0,3183,716
P2,U23-J1-T1,3183,84
P15,U289-J7-T0,3189,71
P15,U289-J7-T1,3189,297
P15,U289-J7-T2,3189,33
P15,U289-J7-T3,3189,1006
P4,U77-J3-T0,3216,17
P4,U77-J3-T1,3216,51
P4,U77-J3-T2,3216,23
P4,U77-J3-T3,3216,18
P4,U77-J3-T4,3216,15
P2,U39-J4-T0,3217,51
P2,U39-J4-T1,3217,92
P2,U39-J4-T2,3217,7
P2,U39-J4-T3,3217,846
P2,U39-J4-T4,3217,6
P2,U39-J4-T5,3217,10
P2,U39-J4-T6,3217,6
P2,U39-J4-T7,3217,139
P2,U39-J4-T8,3217,35
P2,U39-J4-T9,3217,14
P2,U39-J4-T10,3217,1550
P10,U196-J3-T0,3217,61
P10,U196-J3-T1,3217,15
P10,U196-J3-T2,3217,97
P10,U196-J3-T3,3217,23
P10,U196-J3-T4,3217,14
P10,U196-J3-T5,3217,102
P10,U196-J3-T6,3217,60
P10,U196-J3-T7,3217,28
P10,U196-J3-T8,3217,710
P10,U196-J3-T9,3217,479
P10,U196-J3-T10,3217,2092
P16,U306-J1-T0,3221,28
P18,U348-J5-T0,3226,2
P18,U348-J5-T1,3226,4
P5,U87-J7-T0,3229,6
P5,U87-J7-T1,3229,30
P5,U87-J7-T2,3229,2
P5,U87-J7-T3,3229,8
P5,U87-J7-T4,3229,1
P5,U87-J7-T5,3229,2
P5,U87-J7-T6,3229,1
P16,U318-J4-T0,3229,146
P1,U4-J3-T0,3243,2
P1,U4-J3-T1,3243,271
P1,U4-J3-T2,3243,38
P1,U4-J3-T3,3243,7
P15,U290-J4-T0,3244,36
P18,U346-J3-T0,3248,14
P18,U346-J3-T1,3248,21
P12,U239-J8-T0,3255,6713
P5,U87-J8-T0,3258,4
P5,U87-J8-T1,3258,3
P5,U87-J8-T2,3258,15
P5,U87-J8-T3,3258,5
P5,U87-J8-T4,3258,11
P5,U87-J8-T5,3258,2
P5,U87-J8-T6,3258,1
P5,U87-J8-T7,3258,20
P5,U87-J8-T8,3258,8
P5,U87-J8-T9,3258,2
P17,U324-J3-T0,3262,94
P27,U525-J5-T0,3268,3598
P27,U525-J5-T1,3268,502
P3,U56-J7-T0,3269,104
P3,U56-J7-T1,3269,1209
P3,U56-J7-T2,3269,74
P3,U56-J7-T3,3269,97
P3,U56-J7-T4,3269,267
P15,U288-J1-T0,3273,54
P28,U555-J4-T0,3273,157
P28,U555-J4-T1,3273,782
P8,U154-J5-T0,3279,55
P26,U519-J3-T0,3285,24
P11,U213-J5-T0,3290,41
P25,U489-J10-T0,3292,4779
P11,U213-J6-T0,3304,19
P17,U332-J2-T0,3304,158
P23,U458-J3-T0,3309,281
P23,U458-J3-T1,3309,14
P23,U458-J3-T2,3309,8
P23,U458-J3-T3,3309,61
P23,U458-J3-T4,3309,582
P3,U47-J6-T0,3317,6
P1,U14-J3-T0,3320,6
P1,U14-J3-T1,3320,1
P5,U93-J3-T0,3321,37
P16,U320-J2-T0,3321,224
P30,U583-J5-T0,3323,252
P30,U583-J5-T1,3323,176
P30,U583-J5-T2,3323,101
P30,U583-J5-T3,3323,113
P30,U583-J5-T4,3323,98
P30,U583-J5-T5,3323,101
P30,U583-J5-T6,3323,219
P30,U583-J5-T7,3323,136
P30,U583-J5-T8,3323,138
P30,U583-J5-T9,3323,310
P30,U583-J5-T10,3323,1221
P30,U583-J5-T11,3323,286
P30,U583-J5-T12,3323,82
P30,U583-J5-T13,3323,509
P4,U68-J4-T0,3332,19
P2,U23-J2-T0,3333,27
P2,U23-J2-T1,3333,60
P2,U23-J2-T2,3333,47
P2,U23-J2-T3,3333,14
P19,U363-J4-T0,3334,960
P28,U545-J3-T0,3337,327
P19,U377-J7-T0,3338,5
P29,U574-J2-T0,3339,44
P29,U574-J2-T1,3339,90
P29,U574-J2-T2,3339,347
P29,U574-J2-T3,3339,481
P29,U574-J2-T4,3339,106
P29,U574-J2-T5,3339,208
P29,U574-J2-T6,3339,2524
P7,U129-J1-T0,3343,7371
P13,U241-J1-T0,3357,172
P30,U598-J6-T0,3361,763
P13,U259-J7-T0,3363,28
P4,U71-J6-T0,3365,5
P4,U71-J6-T1,3365,92
P4,U71-J6-T2,3365,9
P4,U71-J6-T3,3365,23
P4,U71-J6-T4,3365,12
P4,U71-J6-T5,3365,5
P4,U71-J6-T6,3365,3
P4,U71-J6-T7,3365,18
P4,U71-J6-T8,3365,5
P4,U71-J6-T9,3365,6
P4,U71-J6-T10,3365,155
P4,U71-J6-T11,3365,47
P4,U71-J6-T12,3365,28
P4,U71-J6-T13,3365,20
P4,U71-J6-T14,3365,267
P4,U71-J6-T15,3365,42
P4,U71-J6-T16,3365,58
P4,U71-J6-T17,3365,264
P4,U71-J6-T18,3365,2
P4,U71-J6-T19,3365,13
P4,U67-J3-T0,3366,1
P4,U67-J3-T1,3366,3
P4,U67-J3-T2,3366,10
P4,U67-J3-T3,3366,10
P4,U67-J3-T4,3366,1
P4,U67-J3-T5,3366,2
P4,U67-J3-T6,3366,3
P4,U67-J3-T7,3366,60
P4,U67-J3-T8,3366,6
P4,U67-J3-T9,3366,6
P4,U67-J3-T10,3366,10
P4,U67-J3-T11,3366,5
P4,U67-J3-T12,3366,12
P4,U67-J3-T13,3366,5
P4,U67-J3-T14,3366,4
P4,U67-J3-T15,3366,2
P4,U67-J3-T16,3366,1
P4,U67-J3-T17,3366,15
P4,U67-J3-T18,3366,3
P4,U67-J3-T19,3366,6
P4,U67-J3-T20,3366,12
P4,U67-J3-T21,3366,1
P4,U67-J3-T22,3366,3
P4,U67-J3-T23,3366,113
P4,U67-J3-T24,3366,1
P4,U67-J3-T25,3366,2
P4,U67-J3-T26,3366,15
P4,U67-J3-T27,3366,12
P4,U67-J3-T28,3366,10
P4,U67-J3-T29,3366,36
P27,U522-J2-T0,3366,130
P27,U522-J2-T1,3366,1181
P27,U522-J2-T2,3366,340
P27,U522-J2-T3,3366,746
P1,U17-J2-T0,3367,77
P1,U13-J3-T0,3369,53
P1,U13-J3-T1,3369,18
P1,U13-J3-T2,3369,22
P1,U13-J3-T3,3369,59
P1,U13-J3-T4,3369,25
P11,U218-J2-T0,3394,1964
P16,U302-J2-T0,3395,131
P7,U134-J4-T0,3398,330
P7,U134-J4-T1,3398,2316
P7,U134-J4-T2,3398,1467
P7,U134-J4-T3,3398,1190
P7,U134-J4-T4,3398,131
P28,U546-J3-T0,3400,1690
P28,U546-J3-T1,3400,793
P3,U45-J5-T0,3404,21
P21,U406-J4-T0,3407,1550
P21,U406-J4-T1,3407,2975
P5,U82-J7-T0,3408,16
P5,U82-J7-T1,3408,5
P5,U82-J7-T2,3408,4
P3,U46-J4-T0,3409,109
P14,U272-J6-T0,3409,441
P2,U21-J8-T0,3411,2
P20,U386-J2-T0,3411,1341
P22,U428-J5-T0,3416,15
P22,U428-J5-T1,3416,76
P22,U428-J5-T2,3416,111
P22,U428-J5-T3,3416,13
P22,U428-J5-T4,3416,25
P22,U428-J5-T5,3416,23
P22,U428-J5-T6,3416,1286
P16,U309-J1-T0,3417,984
P16,U309-J1-T1,3417,202
P2,U27-J5-T0,3419,16
P2,U27-J5-T1,3419,218
P15,U290-J5-T0,3419,383
P4,U62-J8-T0,3423,14
P18,U343-J3-T0,3424,585
P29,U563-J2-T0,3427,276
P12,U221-J6-T0,3429,163
P12,U221-J6-T1,3429,1083
P12,U221-J6-T2,3429,1997
P9,U167-J2-T0,3430,185
P9,U167-J2-T1,3430,1273
P29,U562-J6-T0,3430,2686
P26,U504-J2-T0,3432,2
P29,U574-J3-T0,3444,808
P29,U574-J3-T1,3444,96
P29,U574-J3-T2,3444,53
P29,U574-J3-T3,3444,223
P29,U574-J3-T4,3444,99
P29,U574-J3-T5,3444,1368
P29,U574-J3-T6,3444,427
P20,U383-J1-T0,3449,46
P20,U383-J1-T1,3449,6
P20,U383-J1-T2,3449,4
P20,U383-J1-T3,3449,39
P20,U383-J1-T4,3449,2
P20,U383-J1-T5,3449,19
P20,U383-J1-T6,3449,10
P20,U383-J1-T7,3449,25
P20,U383-J1-T8,3449,1
P20,U383-J1-T9,3449,2
P20,U383-J1-T10,3449,10
P20,U383-J1-T11,3449,3
P20,U383-J1-T12,3449,56
P20,U383-J1-T13,3449,90
P22,U421-J6-T0,3459,23
P22,U421-J6-T1,3459,5
P20,U383-J2-T0,3478,1533
P3,U55-J3-T0,3481,4
P14,U263-J3-T0,3490,334
P14,U263-J3-T1,3490,1252
P27,U525-J6-T0,3494,2324
P2,U33-J5-T0,3495,3
P2,U33-J5-T1,3495,5
P2,U33-J5-T2,3495,6
P2,U33-J5-T3,3495,22
P2,U33-J5-T4,3495,62
P2,U33-J5-T5,3495,97
P16,U306-J2-T0,3496,321
P19,U363-J5-T0,3499,12
P15,U290-J6-T0,3504,1891
P1,U13-J4-T0,3506,7
P1,U13-J4-T1,3506,118
P2,U39-J5-T0,3506,3
P2,U39-J5-T1,3506,4
P2,U39-J5-T2,3506,17
P2,U39-J5-T3,3506,16
P2,U39-J5-T4,3506,55
P2,U39-J5-T5,3506,6
P2,U39-J5-T6,3506,3
P2,U39-J5-T7,3506,3
P2,U39-J5-T8,3506,3
P2,U39-J5-T9,3506,35
P2,U39-J5-T10,3506,32
P2,U39-J5-T11,3506,6
P2,U39-J5-T12,3506,27
P2,U39-J5-T13,3506,5
P2,U39-J5-T14,3506,474
P12,U239-J9-T0,3514,105
P29,U565-J1-T0,3514,2206
P3,U44-J2-T0,3521,3
P3,U44-J2-T1,3521,6
P3,U44-J2-T2,3521,6
P3,U44-J2-T3,3521,81
P3,U44-J2-T4,3521,33
P3,U44-J2-T5,3521,70
P3,U44-J2-T6,3521,23
P3,U44-J2-T7,3521,3
P3,U44-J2-T8,3521,2
P3,U44-J2-T9,3521,3
P3,U44-J2-T10,3521,12
P3,U44-J2-T11,3521,5
P3,U44-J2-T12,3521,184
P3,U44-J2-T13,3521,20
P3,U44-J2-T14,3521,19
P3,U44-J2-T15,3521,13
P3,U44-J2-T16,3521,32
P3,U44-J2-T17,3521,4
P3,U44-J2-T18,3521,4
P3,U44-J2-T19,3521,3
P3,U44-J2-T20,3521,3
P3,U44-J2-T21,3521,6
P3,U44-J2-T22,3521,15
P3,U44-J2-T23,3521,15
P3,U44-J2-T24,3521,260
P3,U44-J2-T25,3521,12
P3,U44-J2-T26,3521,154
P3,U44-J2-T27,3521,75
P3,U44-J2-T28,3521,211
P11,U213-J7-T0,3521,191
P15,U288-J2-T0,3521,1800
P1,U9-J2-T0,3526,25
P26,U503-J5-T0,3526,15
P2,U29-J2-T0,3529,6
P2,U29-J2-T1,3529,15
P2,U29-J2-T2,3529,13
P2,U29-J2-T3,3529,0
P28,U558-J3-T0,3530,2590
P30,U588-J2-T0,3536,225
P30,U588-J2-T1,3536,73
P30,U588-J2-T2,3536,240
P30,U588-J2-T3,3536,237
P30,U588-J2-T4,3536,125
P30,U588-J2-T5,3536,184
P30,U588-J2-T6,3536,50
P30,U588-J2-T7,3536,137
P30,U588-J2-T8,3536,19
P30,U588-J2-T9,3536,50
P30,U588-J2-T10,3536,702
P30,U588-J2-T11,3536,125
P30,U588-J2-T12,3536,59
P30,U588-J2-T13,3536,91
P30,U588-J2-T14,3536,154
P30,U588-J2-T15,3536,49
P30,U588-J2-T16,3536,275
P30,U588-J2-T17,3536,692
P30,U588-J2-T18,3536,1390
P30,U588-J2-T19,3536,50
P30,U588-J2-T20,3536,1073
P4,U77-J4-T0,3540,440
P4,U77-J4-T1,3540,71
P4,U77-J4-T2,3540,10
P4,U77-J4-T3,3540,39
P26,U504-J3-T0,3540,1
P7,U134-J5-T0,3545,143
P7,U134-J5-T1,3545,363
P7,U134-J5-T2,3545,2048
P21,U420-J4-T0,3545,153
P21,U420-J4-T1,3545,414
P21,U420-J4-T2,3545,40
P21,U420-J4-T3,3545,979
P21,U420-J4-T4,3545,32
P20,U394-J3-T0,3547,1488
P10,U196-J4-T0,3552,21
P10,U196-J4-T1,3552,164
P28,U560-J2-T0,3553,48
P28,U560-J2-T1,3553,10
P13,U250-J1-T0,3563,3741
P2,U23-J3-T0,3564,140
P2,U23-J3-T1,3564,59
P2,U23-J3-T2,3564,68
P2,U23-J3-T3,3564,1429
P2,U23-J3-T4,3564,98
P2,U23-J3-T5,3564,1679
P2,U23-J3-T6,3564,999
P2,U23-J3-T7,3564,382
P4,U73-J9-T0,3573,3
P4,U73-J9-T1,3573,11
P29,U580-J3-T0,3598,1
P8,U151-J7-T0,3599,2208
P8,U151-J7-T1,3599,182
P8,U151-J7-T2,3599,5782
P2,U21-J9-T0,3600,6
