id,t,dTot,dFed,rFed,oFed,sFed,rLoc,unat,unatP
p18,0,0,0,0,20,0,0,0,0
p18,1,30,10,0,18,0,2,28,0
p18,6,30,10,0,6,0,14,16,0
p18,7,30,10,0,0,0,20,10,6
p18,8,30,10,0,0,0,20,10,10
p18,10,30,10,1,0,0,20,9,9
p18,11,30,10,4,0,0,20,6,6
p18,12,30,10,6,0,0,20,4,3
p18,13,30,10,6,0,0,20,4,1
p18,17,30,10,7,0,0,20,3,0
p18,18,30,10,7,0,0,20,3,2
p18,22,30,10,7,0,0,20,3,1
p18,23,30,10,7,0,0,20,3,2
p18,25,30,10,8,0,0,20,2,1
p18,27,30,10,9,0,0,20,1,0
p18,28,30,10,9,0,0,20,1,1
p18,30,30,10,10,0,0,20,0,0
p18,601,28,8,8,2,0,18,2,0
p18,602,28,8,4,2,0,18,6,0
p18,603,28,8,2,0,0,20,6,5
p18,604,28,8,2,0,0,20,6,2
p18,605,28,8,0,0,0,20,8,2
p18,606,16,0,0,12,0,8,8,2
p18,607,10,0,0,18,0,2,8,0
p18,608,10,0,0,12,12,8,2,0
p18,609,10,0,0,11,11,9,1,0
p18,610,10,0,0,10,10,10,0,0
p18,613,8,0,0,12,10,8,0,0
p18,615,8,0,0,12,12,8,0,0
p18,618,5,0,0,15,11,5,0,0
p18,619,4,0,0,16,11,4,0,0
p18,620,4,0,0,16,16,4,0,0
p18,623,3,0,0,17,16,3,0,0
p18,625,3,0,0,17,17,3,0,0
p18,628,2,0,0,18,17,2,0,0
p18,630,2,0,0,18,18,2,0,0
p18,633,1,0,0,19,18,1,0,0
p18,634,0,0,0,20,18,0,0,0
p18,635,0,0,0,20,20,0,0,0
p18,638,0,0,0,20,19,0,0,0
p18,724,0,0,0,20,13,0,0,0
p18,1200,30,10,0,19,13,1,29,0
p18,1205,30,10,0,12,11,8,22,0
p18,1206,30,10,0,0,0,20,10,7
p18,1208,30,10,1,0,0,20,9,6
p18,1209,30,10,2,0,0,20,8,5
p18,1211,30,10,2,0,0,20,8,4
p18,1212,30,10,2,0,0,20,8,3
p18,1215,30,10,2,0,0,20,8,1
p18,1216,30,10,2,0,0,20,8,5
p18,1218,30,10,3,0,0,20,7,4
p18,1220,30,10,5,0,0,20,5,2
p18,1221,30,10,5,0,0,20,5,3
p18,1222,30,10,5,0,0,20,5,2
p18,1225,30,10,6,0,0,20,4,1
p18,1226,30,10,7,0,0,20,3,1
p18,1228,30,10,8,0,0,20,2,0
p18,1231,30,10,8,0,0,20,2,2
p18,1234,30,10,8,0,0,20,2,1
p18,1235,30,10,9,0,0,20,1,0
p18,1236,30,10,9,0,0,20,1,1
p18,1240,30,10,9,0,0,20,1,0
p18,1241,30,10,9,0,0,20,1,1
p18,1246,30,10,9,0,0,20,1,1
p18,1249,30,10,9,0,0,20,1,0
p18,1251,30,10,9,0,0,20,1,1
p18,1253,30,10,10,0,0,20,0,0
p18,1800,29,9,8,1,0,19,2,0
p18,1801,29,9,5,1,0,19,5,0
p18,1802,29,9,5,0,0,20,4,3
p18,1803,29,9,1,0,0,20,8,2
p18,1805,24,4,0,5,0,15,9,2
p18,1806,10,0,0,19,0,1,9,0
p18,1807,10,0,0,10,7,10,0,0
p18,1811,8,0,0,12,7,8,0,0
p18,1812,8,0,0,12,8,8,0,0
p18,1822,7,0,0,13,11,7,0,0
p18,1826,5,0,0,15,11,5,0,0
p18,1827,4,0,0,16,12,4,0,0
p18,1831,3,0,0,17,12,3,0,0
p18,1832,2,0,0,18,13,2,0,0
p18,1841,1,0,0,19,13,1,0,0
p18,1857,0,0,0,20,13,0,0,0
p18,2400,30,10,0,20,13,0,30,0
p18,2402,30,10,0,0,0,20,10,7
p18,2406,30,10,3,0,0,20,7,3
p18,2407,30,10,4,0,0,20,6,3
p18,2410,30,10,5,0,0,20,5,2
p18,2411,30,10,6,0,0,20,4,0
p18,2412,30,10,6,0,0,20,4,4
p18,2413,30,10,6,0,0,20,4,3
p18,2415,30,10,7,0,0,20,3,2
p18,2416,30,10,8,0,0,20,2,1
p18,2417,30,10,8,0,0,20,2,0
p18,2422,30,10,8,0,0,20,2,2
p18,2424,30,10,9,0,0,20,1,1
p18,2427,30,10,10,0,0,20,0,0
p18,3001,30,10,8,0,0,20,2,0
p18,3002,17,0,1,13,0,7,9,0
p18,3003,10,0,1,11,1,9,0,0
p18,3004,10,0,0,11,1,9,1,0
p18,3007,6,0,0,15,1,5,1,0
p18,3008,6,0,0,14,6,6,0,0
p18,3012,4,0,0,16,6,4,0,0
p18,3013,4,0,0,16,9,4,0,0
p18,3017,2,0,0,18,9,2,0,0
p18,3023,2,0,0,18,13,2,0,0
p18,3027,1,0,0,19,13,1,0,0
p18,3028,0,0,0,20,13,0,0,0
p18,3033,0,0,0,20,14,0,0,0
p18,3038,0,0,0,20,15,0,0,0
p18,3600,30,10,0,20,15,0,30,0
p18,3603,30,10,0,6,6,14,16,0
p18,3604,30,10,0,0,0,20,10,1
p18,3605,30,10,0,0,0,20,10,4
p18,3607,30,10,1,0,0,20,9,2
p18,3609,30,10,2,0,0,20,8,1
p18,3610,30,10,2,0,0,20,8,5
p18,3613,30,10,3,0,0,20,7,3
p18,3614,30,10,5,0,0,20,5,1
p18,3615,30,10,5,0,0,20,5,2
p18,3617,30,10,5,0,0,20,5,1
p18,3619,30,10,6,0,0,20,4,0
p18,3620,30,10,6,0,0,20,4,3
p18,3623,30,10,7,0,0,20,3,2
p18,3624,30,10,9,0,0,20,1,0
p18,3625,30,10,9,0,0,20,1,0
p18,3630,30,10,9,0,0,20,1,0
p18,3635,30,10,9,0,0,20,1,1
p18,3638,30,10,9,0,0,20,1,0
p18,3640,30,10,9,0,0,20,1,1
p18,3645,30,10,9,0,0,20,1,0
p18,3650,30,10,9,0,0,20,1,1
p18,3653,30,10,9,0,0,20,1,0
p18,3655,30,10,9,0,0,20,1,1
p18,3658,30,10,10,0,0,20,0,0
p18,4202,30,10,9,0,0,20,1,0
p18,4203,17,0,6,13,0,7,4,0
p18,4204,10,0,4,20,0,0,6,0
p18,4205,10,0,0,10,3,10,0,0
p18,4210,8,0,0,12,4,8,0,0
p18,4215,5,0,0,15,6,5,0,0
p18,4220,4,0,0,16,7,4,0,0
p18,4225,1,0,0,19,7,1,0,0
p18,4240,1,0,0,19,8,1,0,0
p18,4260,0,0,0,20,8,0,0,0
p18,4290,0,0,0,20,9,0,0,0
p18,4800,30,10,0,7,6,13,17,0
p18,4801,30,10,0,0,0,20,10,6
p18,4802,30,10,0,0,0,20,10,7
p18,4803,30,10,0,0,0,20,10,3
p18,4804,30,10,0,0,0,20,10,2
p18,4806,30,10,1,0,0,20,9,1
p18,4807,30,10,1,0,0,20,9,2
p18,4808,30,10,1,0,0,20,9,1
p18,4811,30,10,2,0,0,20,8,0
p18,4812,30,10,2,0,0,20,8,3
p18,4814,30,10,2,0,0,20,8,2
p18,4815,30,10,3,0,0,20,7,1
p18,4816,30,10,4,0,0,20,6,0
p18,4817,30,10,4,0,0,20,6,4
p18,4818,30,10,4,0,0,20,6,3
p18,4821,30,10,7,0,0,20,3,0
p18,4822,30,10,7,0,0,20,3,2
p18,4825,30,10,8,0,0,20,2,1
p18,4826,30,10,9,0,0,20,1,0
p18,4827,30,10,9,0,0,20,1,0
p18,4832,30,10,9,0,0,20,1,0
p18,4837,30,10,9,0,0,20,1,0
p18,4842,30,10,9,0,0,20,1,0
p18,4847,30,10,9,0,0,20,1,1
p18,4848,30,10,9,0,0,20,1,0
p18,4852,30,10,9,0,0,20,1,0
p18,4857,30,10,9,0,0,20,1,0
p18,4862,30,10,9,0,0,20,1,1
p18,4863,30,10,9,0,0,20,1,0
p18,4867,30,10,9,0,0,20,1,1
p18,4871,30,10,10,0,0,20,0,0
p18,5400,17,0,10,13,0,7,0,0
p18,5401,10,0,2,20,0,0,8,0
p18,5402,10,0,0,12,1,8,2,0
p18,5407,9,0,0,11,1,9,0,0
p18,5412,9,0,0,11,2,9,0,0
p18,5416,7,0,0,13,2,7,0,0
p18,5421,6,0,0,14,2,6,0,0
p18,5422,3,0,0,17,3,3,0,0
p18,5426,2,0,0,18,3,2,0,0
p18,5427,1,0,0,19,5,1,0,0
p18,5432,1,0,0,19,6,1,0,0
p18,5452,1,0,0,19,7,1,0,0
p18,5472,0,0,0,20,7,0,0,0
p18,6000,30,10,0,20,7,0,30,0
p18,6002,30,10,0,0,0,20,10,7
p18,6003,30,10,0,0,0,20,10,4
p18,6004,30,10,0,0,0,20,10,2
p18,6005,30,10,2,0,0,20,8,0
p18,6007,30,10,2,0,0,20,8,4
p18,6009,30,10,3,0,0,20,7,3
p18,6010,30,10,4,0,0,20,6,2
p18,6011,30,10,4,0,0,20,6,0
p18,6012,30,10,4,0,0,20,6,4
p18,6015,30,10,5,0,0,20,5,3
p18,6016,30,10,6,0,0,20,4,0
p18,6017,30,10,6,0,0,20,4,4
p18,6019,30,10,7,0,0,20,3,3
p18,6020,30,10,8,0,0,20,2,1
p18,6021,30,10,8,0,0,20,2,0
p18,6022,30,10,8,0,0,20,2,1
p18,6024,30,10,9,0,0,20,1,0
p18,6027,30,10,9,0,0,20,1,1
p18,6029,30,10,10,0,0,20,0,0
p18,6600,30,10,9,0,0,20,1,0
p18,6601,30,10,8,0,0,20,2,0
p18,6602,10,0,8,20,0,0,2,0
p18,6604,10,0,8,18,5,2,0,0
p18,6605,8,0,3,18,1,2,3,0
p18,6606,8,0,0,18,1,2,6,0
p18,6609,8,0,0,12,8,8,0,0
p18,6613,6,0,0,14,8,6,0,0
p18,6614,6,0,0,14,11,6,0,0
p18,6618,4,0,0,16,11,4,0,0
p18,6619,4,0,0,16,14,4,0,0
p18,6623,2,0,0,18,14,2,0,0
p18,6628,1,0,0,19,14,1,0,0
p18,6633,0,0,0,20,14,0,0,0
p18,6639,0,0,0,20,15,0,0,0
p18,7200,30,10,0,20,15,0,30,0
p18,7204,30,10,0,0,0,20,10,7
p18,7205,30,10,0,0,0,20,10,6
p18,7206,30,10,1,0,0,20,9,4
p18,7208,30,10,2,0,0,20,8,0
p18,7209,30,10,2,0,0,20,8,8
p18,7210,30,10,2,0,0,20,8,4
p18,7212,30,10,5,0,0,20,5,1
p18,7213,30,10,5,0,0,20,5,0
p18,7214,30,10,5,0,0,20,5,3
p18,7215,30,10,5,0,0,20,5,2
p18,7216,30,10,6,0,0,20,4,1
p18,7218,30,10,6,0,0,20,4,0
p18,7219,30,10,6,0,0,20,4,1
p18,7220,30,10,6,0,0,20,4,2
p18,7222,30,10,8,0,0,20,2,0
p18,7225,30,10,8,0,0,20,2,1
p18,7227,30,10,9,0,0,20,1,0
p18,7230,30,10,9,0,0,20,1,0
p18,7235,30,10,9,0,0,20,1,1
p18,7238,30,10,9,0,0,20,1,0
p18,7240,30,10,9,0,0,20,1,0
p18,7245,30,10,9,0,0,20,1,1
p18,7248,30,10,10,0,0,20,0,0
p18,7800,30,10,9,0,0,20,1,0
p18,7801,30,10,8,0,0,20,2,0
p18,7802,30,10,7,0,0,20,3,0
p18,7803,30,10,2,0,0,20,8,0
p18,7804,10,0,0,20,0,0,10,0
p18,7805,10,0,0,10,7,10,0,0
p18,7809,9,0,0,11,7,9,0,0
p18,7810,8,0,0,12,8,8,0,0
p18,7814,5,0,0,15,8,5,0,0
p18,7815,5,0,0,15,9,5,0,0
p18,7820,4,0,0,16,13,4,0,0
p18,7824,3,0,0,17,13,3,0,0
p18,7825,2,0,0,18,14,2,0,0
p18,7829,1,0,0,19,14,1,0,0
p18,7830,1,0,0,19,16,1,0,0
p18,7835,1,0,0,19,17,1,0,0
p18,7845,1,0,0,19,18,1,0,0
p18,7850,0,0,0,20,18,0,0,0
p18,7885,0,0,0,20,19,0,0,0
p18,7925,0,0,0,20,18,0,0,0
p18,8400,30,10,0,20,18,0,30,0
p18,8401,30,10,0,0,0,20,10,6
p18,8403,30,10,2,0,0,20,8,4
p18,8404,30,10,3,0,0,20,7,1
p18,8406,30,10,4,0,0,20,6,5
p18,8408,30,10,5,0,0,20,5,4
p18,8409,30,10,6,0,0,20,4,2
p18,8410,30,10,7,0,0,20,3,1
p18,8411,30,10,8,0,0,20,2,2
p18,8413,30,10,9,0,0,20,1,1
p18,8414,30,10,10,0,0,20,0,0
p18,9001,10,0,10,20,0,0,0,0
p18,9002,10,0,9,19,1,1,0,0
p18,9003,8,0,6,19,1,1,1,0
p18,9004,8,0,3,19,1,1,4,0
p18,9005,7,0,1,19,1,1,5,0
p18,9006,7,0,0,19,1,1,6,0
p18,9007,6,0,0,14,4,6,0,0
p18,9011,4,0,0,16,4,4,0,0
p18,9012,2,0,0,18,6,2,0,0
p18,9016,1,0,0,19,6,1,0,0
p18,9017,0,0,0,20,7,0,0,0
p18,9022,0,0,0,20,8,0,0,0
p18,9600,30,10,0,20,8,0,30,0
p18,9602,30,10,0,2,1,18,12,0
p18,9603,30,10,0,0,0,20,10,8
p18,9604,30,10,1,0,0,20,9,7
p18,9605,30,10,2,0,0,20,8,6
p18,9606,30,10,5,0,0,20,5,3
p18,9607,30,10,5,0,0,20,5,2
p18,9608,30,10,5,0,0,20,5,4
p18,9610,30,10,5,0,0,20,5,3
p18,9611,30,10,6,0,0,20,4,2
p18,9612,30,10,7,0,0,20,3,1
p18,9613,30,10,7,0,0,20,3,2
p18,9614,30,10,8,0,0,20,2,1
p18,9617,30,10,8,0,0,20,2,0
p18,9618,30,10,8,0,0,20,2,0
p18,9623,30,10,8,0,0,20,2,2
p18,9627,30,10,8,0,0,20,2,0
p18,9628,30,10,8,0,0,20,2,2
p18,9630,30,10,9,0,0,20,1,1
p18,9632,30,10,9,0,0,20,1,0
p18,9633,30,10,9,0,0,20,1,1
p18,9636,30,10,9,0,0,20,1,0
p18,9638,30,10,9,0,0,20,1,1
p18,9641,30,10,10,0,0,20,0,0
p18,10201,30,10,7,0,0,20,3,0
p18,10202,13,0,2,17,0,3,8,0
p18,10203,10,0,2,20,0,0,8,0
p18,10204,9,0,1,12,2,8,0,0
p18,10205,9,0,0,12,2,8,1,0
p18,10208,6,0,0,15,2,5,1,0
p18,10209,5,0,0,15,5,5,0,0
p18,10214,3,0,0,17,8,3,0,0
p18,10219,2,0,0,18,9,2,0,0
p18,10233,1,0,0,19,9,1,0,0
p18,10243,0,0,0,20,9,0,0,0
p18,10800,30,10,0,20,9,0,30,0
p18,10804,30,10,0,4,4,16,14,0
p18,10805,30,10,0,0,1,20,10,5
p18,10806,30,10,0,0,1,20,10,7
p18,10809,30,10,2,0,1,20,8,5
p18,10810,30,10,2,0,1,20,8,4
p18,10811,30,10,4,0,1,20,6,4
p18,10814,30,10,5,0,1,20,5,3
p18,10816,30,10,5,0,1,20,5,2
p18,10817,30,10,5,0,1,20,5,1
p18,10818,30,10,6,0,1,20,4,0
p18,10821,30,10,6,0,1,20,4,3
p18,10822,30,10,6,0,1,20,4,2
p18,10824,30,10,7,0,1,20,3,1
p18,10825,30,10,8,0,1,20,2,0
p18,10826,30,10,8,0,1,20,2,1
p18,10829,30,10,9,0,1,20,1,0
p18,10831,30,10,9,0,1,20,1,1
p18,10834,30,10,10,0,1,20,0,0
p18,11400,30,10,8,0,1,20,2,0
p18,11401,30,10,7,0,1,20,3,0
p18,11402,30,10,7,0,1,20,3,3
p18,11404,21,1,2,9,1,11,8,2
p18,11405,10,0,1,20,1,0,9,0
p18,11407,10,0,1,11,8,9,0,0
p18,11412,8,0,1,13,9,7,0,0
p18,11416,7,0,1,14,9,6,0,0
p18,11417,5,0,1,16,10,4,0,0
p18,11421,4,0,1,17,10,3,0,0
p18,11427,3,0,1,18,11,2,0,0
p18,11430,2,0,0,18,11,2,0,0
p18,11431,1,0,0,19,11,1,0,0
p18,11437,0,0,0,20,11,0,0,0
p18,11442,0,0,0,20,12,0,0,0
p18,11467,0,0,0,20,13,0,0,0
p18,12000,30,10,0,20,13,0,30,0
p18,12002,30,10,0,11,12,9,21,0
p18,12003,30,10,0,0,1,20,10,5
p18,12004,30,10,0,0,1,20,10,7
p18,12005,30,10,0,0,1,20,10,6
p18,12007,30,10,3,0,1,20,7,2
p18,12008,30,10,3,0,1,20,7,1
p18,12009,30,10,3,0,1,20,7,5
p18,12012,30,10,3,0,1,20,7,3
p18,12013,30,10,4,0,1,20,6,2
p18,12014,30,10,4,0,1,20,6,2
p18,12016,30,10,5,0,1,20,5,1
p18,12017,30,10,6,0,1,20,4,0
p18,12019,30,10,6,0,1,20,4,1
p18,12021,30,10,7,0,1,20,3,0
p18,12024,30,10,8,0,1,20,2,1
p18,12028,30,10,9,0,1,20,1,0
p18,12029,30,10,10,0,1,20,0,0
p18,12602,29,9,8,1,1,19,2,0
p18,12603,10,0,5,20,1,0,5,0
p18,12604,10,0,2,20,1,0,8,0
p18,12605,10,0,0,20,1,0,10,0
p18,12606,10,0,0,20,6,0,10,0
p18,12607,10,0,0,10,11,10,0,0
p18,12610,7,0,0,13,11,7,0,0
p18,12612,7,0,0,13,12,7,0,0
p18,12615,6,0,0,14,12,6,0,0
p18,12620,5,0,0,15,12,5,0,0
p18,12621,4,0,0,16,12,4,0,0
p18,12622,4,0,0,16,15,4,0,0
p18,12625,3,0,0,17,15,3,0,0
p18,12626,2,0,0,18,15,2,0,0
p18,12630,1,0,0,19,15,1,0,0
p18,12631,0,0,0,20,15,0,0,0
p18,12647,0,0,0,20,16,0,0,0
p18,12726,0,0,0,20,8,0,0,0
p18,13200,30,10,0,20,8,0,30,0
p18,13202,30,10,0,0,1,20,10,9
p18,13203,30,10,0,0,1,20,10,8
p18,13204,30,10,3,0,1,20,7,5
p18,13205,30,10,5,0,1,20,5,2
p18,13206,30,10,5,0,1,20,5,1
p18,13207,30,10,5,0,1,20,5,3
p18,13208,30,10,5,0,1,20,5,4
p18,13209,30,10,6,0,1,20,4,3
p18,13210,30,10,7,0,1,20,3,1
p18,13211,30,10,7,0,1,20,3,0
p18,13213,30,10,7,0,1,20,3,2
p18,13215,30,10,7,0,1,20,3,1
p18,13216,30,10,8,0,1,20,2,0
p18,13218,30,10,8,0,1,20,2,1
p18,13219,30,10,9,0,1,20,1,0
p18,13223,30,10,9,0,1,20,1,1
p18,13225,30,10,9,0,1,20,1,0
p18,13228,30,10,9,0,1,20,1,0
p18,13233,30,10,9,0,1,20,1,1
p18,13236,30,10,9,0,1,20,1,0
p18,13238,30,10,9,0,1,20,1,1
p18,13240,30,10,10,0,1,20,0,0
p18,13800,30,10,8,0,1,20,2,0
p18,13801,30,10,7,0,1,20,3,0
p18,13802,10,0,7,20,1,0,3,0
p18,13803,10,0,7,17,1,3,0,0
p18,13804,7,0,4,17,1,3,0,0
p18,13805,6,0,0,17,1,3,3,0
p18,13808,5,0,0,15,2,5,0,0
p18,13812,4,0,0,16,2,4,0,0
p18,13813,3,0,0,17,4,3,0,0
p18,13817,2,0,0,18,4,2,0,0
p18,13818,2,0,0,18,6,2,0,0
p18,13822,1,0,0,19,6,1,0,0
p18,13833,1,0,0,19,7,1,0,0
p18,13842,0,0,0,20,7,0,0,0
p18,14400,30,10,0,20,7,0,30,0
p18,14403,30,10,0,0,1,20,10,9
p18,14404,30,10,0,0,1,20,10,8
p18,14407,30,10,7,0,1,20,3,1
p18,14408,30,10,7,0,1,20,3,3
p18,14411,30,10,7,0,1,20,3,2
p18,14412,30,10,9,0,1,20,1,0
p18,14413,30,10,9,0,1,20,1,1
p18,14415,30,10,9,0,1,20,1,0
p18,14418,30,10,9,0,1,20,1,1
p18,14423,30,10,9,0,1,20,1,0
p18,14428,30,10,9,0,1,20,1,1
p18,14432,30,10,10,0,1,20,0,0
p18,15002,30,10,5,0,1,20,5,0
p18,15003,18,0,4,12,1,8,6,0
p18,15004,10,0,1,11,4,9,0,0
p18,15005,10,0,0,11,4,9,1,0
p18,15008,7,0,0,14,4,6,1,0
p18,15009,3,0,0,17,7,3,0,0
p18,15013,2,0,0,18,7,2,0,0
p18,15014,2,0,0,18,8,2,0,0
p18,15017,1,0,0,19,8,1,0,0
p18,15019,1,0,0,19,9,1,0,0
p18,15024,1,0,0,19,11,1,0,0
p18,15033,0,0,0,20,11,0,0,0
p18,15039,0,0,0,20,13,0,0,0
p18,15600,30,10,0,20,13,0,30,0
p18,15604,30,10,0,9,9,11,19,0
p18,15605,30,10,2,0,1,20,8,5
p18,15606,30,10,2,0,1,20,8,4
p18,15607,30,10,3,0,1,20,7,2
p18,15609,30,10,3,0,1,20,7,0
p18,15610,30,10,5,0,1,20,5,5
p18,15611,30,10,5,0,1,20,5,4
p18,15612,30,10,6,0,1,20,4,3
p18,15614,30,10,6,0,1,20,4,2
p18,15615,30,10,8,0,1,20,2,2
p18,15618,30,10,8,0,1,20,2,1
p18,15619,30,10,8,0,1,20,2,0
p18,15620,30,10,8,0,1,20,2,0
p18,15625,30,10,9,0,1,20,1,1
p18,15629,30,10,9,0,1,20,1,0
p18,15630,30,10,9,0,1,20,1,0
p18,15635,30,10,9,0,1,20,1,0
p18,15640,30,10,9,0,1,20,1,1
p18,15645,30,10,10,0,1,20,0,0
p18,16201,30,10,7,0,1,20,3,0
p18,16202,30,10,5,0,1,20,5,0
p18,16203,30,10,3,0,1,20,7,0
p18,16204,19,0,3,11,1,9,7,0
p18,16205,10,0,0,10,4,10,0,0
p18,16208,9,0,0,11,4,9,0,0
p18,16210,7,0,0,13,4,7,0,0
p18,16214,5,0,0,15,5,5,0,0
p18,16215,2,0,0,18,7,2,0,0
p18,16229,1,0,0,19,7,1,0,0
p18,16230,1,0,0,19,8,1,0,0
p18,16235,1,0,0,19,9,1,0,0
p18,16245,0,0,0,20,9,0,0,0
p18,16255,0,0,0,20,10,0,0,0
p18,16270,0,0,0,20,11,0,0,0
p18,16800,30,10,0,19,11,1,29,0
p18,16805,30,10,0,0,1,20,10,9
p18,16808,30,10,2,0,1,20,8,6
p18,16809,30,10,4,0,1,20,6,4
p18,16810,30,10,4,0,1,20,6,3
p18,16813,30,10,8,0,1,20,2,1
p18,16814,30,10,8,0,1,20,2,0
p18,16815,30,10,8,0,1,20,2,2
p18,16820,30,10,8,0,1,20,2,1
p18,16824,30,10,10,0,1,20,0,0
p18,17400,29,9,10,1,1,19,0,0
p18,17401,29,9,6,1,1,19,4,0
p18,17403,29,9,5,1,1,19,5,0
p18,17404,29,9,3,1,1,19,7,0
p18,17405,18,0,0,12,1,8,10,0
p18,17406,10,0,0,10,2,10,0,0
p18,17410,7,0,0,13,2,7,0,0
p18,17415,2,0,0,18,2,2,0,0
p18,17416,2,0,0,18,3,2,0,0
p18,17425,0,0,0,20,3,0,0,0
p18,17426,0,0,0,20,4,0,0,0
p18,17431,0,0,0,20,5,0,0,0
p18,17436,0,0,0,20,8,0,0,0
p18,17441,0,0,0,20,9,0,0,0
p18,17471,0,0,0,20,10,0,0,0
p18,18000,30,10,0,20,10,0,30,0
p18,18001,30,10,0,1,2,19,11,0
p18,18002,30,10,0,0,1,20,10,8
p18,18004,30,10,0,0,1,20,10,6
p18,18005,30,10,4,0,1,20,6,2
p18,18006,30,10,5,0,1,20,5,1
p18,18007,30,10,5,0,1,20,5,3
p18,18008,30,10,5,0,1,20,5,2
p18,18009,30,10,5,0,1,20,5,1
p18,18010,30,10,5,0,1,20,5,0
p18,18012,30,10,5,0,1,20,5,4
p18,18013,30,10,6,0,1,20,4,2
p18,18017,30,10,8,0,1,20,2,2
p18,18018,30,10,9,0,1,20,1,1
p18,18020,30,10,10,0,1,20,0,0
p18,18601,11,0,9,19,1,1,1,0
p18,18602,10,0,7,18,2,2,1,0
p18,18603,10,0,5,17,2,3,2,0
p18,18605,6,0,0,17,2,3,3,0
p18,18607,5,0,0,18,3,2,3,0
p18,18608,5,0,0,15,6,5,0,0
p18,18613,5,0,0,15,7,5,0,0
p18,18617,2,0,0,18,7,2,0,0
p18,18622,0,0,0,20,7,0,0,0
p18,18658,0,0,0,20,9,0,0,0
p18,19200,30,10,0,20,9,0,30,0
p18,19203,30,10,1,0,1,20,9,6
p18,19204,30,10,5,0,1,20,5,1
p18,19206,30,10,5,0,1,20,5,0
p18,19208,30,10,5,0,1,20,5,3
p18,19210,30,10,5,0,1,20,5,2
p18,19211,30,10,6,0,1,20,4,0
p18,19213,30,10,6,0,1,20,4,3
p18,19214,30,10,7,0,1,20,3,2
p18,19216,30,10,8,0,1,20,2,1
p18,19217,30,10,9,0,1,20,1,0
p18,19218,30,10,9,0,1,20,1,0
p18,19223,30,10,9,0,1,20,1,1
p18,19226,30,10,9,0,1,20,1,0
p18,19228,30,10,9,0,1,20,1,1
p18,19229,30,10,9,0,1,20,1,0
p18,19233,30,10,9,0,1,20,1,1
p18,19234,30,10,9,0,1,20,1,0
p18,19238,30,10,9,0,1,20,1,1
p18,19242,30,10,9,0,1,20,1,0
p18,19243,30,10,9,0,1,20,1,1
p18,19246,30,10,10,0,1,20,0,0
p18,19801,30,10,7,0,1,20,3,0
p18,19802,30,10,6,0,1,20,4,0
p18,19803,9,0,5,16,2,4,0,0
p18,19804,5,0,1,16,2,4,0,0
p18,19806,5,0,0,16,2,4,1,0
p18,19808,5,0,0,15,6,5,0,0
p18,19813,4,0,0,16,9,4,0,0
p18,19816,3,0,0,17,9,3,0,0
p18,19818,1,0,0,19,9,1,0,0
p18,19823,1,0,0,19,10,1,0,0
p18,19848,0,0,0,20,10,0,0,0
p18,19863,0,0,0,20,11,0,0,0
p18,20400,30,10,0,20,11,0,30,0
p18,20403,30,10,0,0,1,20,10,9
p18,20404,30,10,2,0,1,20,8,7
p18,20405,30,10,2,0,1,20,8,5
p18,20406,30,10,3,0,1,20,7,4
p18,20407,30,10,5,0,1,20,5,2
p18,20408,30,10,5,0,1,20,5,3
p18,20409,30,10,6,0,1,20,4,2
p18,20410,30,10,6,0,1,20,4,1
p18,20411,30,10,7,0,1,20,3,0
p18,20413,30,10,7,0,1,20,3,3
p18,20417,30,10,8,0,1,20,2,2
p18,20418,30,10,8,0,1,20,2,2
p18,20422,30,10,10,0,1,20,0,0
p18,21001,30,10,9,0,1,20,1,0
p18,21002,30,10,4,0,1,20,6,0
p18,21003,15,0,3,15,1,5,7,0
p18,21004,8,0,0,13,4,7,1,0
p18,21008,6,0,0,15,4,5,1,0
p18,21009,5,0,0,15,8,5,0,0
p18,21013,4,0,0,16,8,4,0,0
p18,21014,3,0,0,17,9,3,0,0
p18,21018,2,0,0,18,9,2,0,0
p18,21019,2,0,0,18,10,2,0,0
p18,21023,0,0,0,20,10,0,0,0
p18,21039,0,0,0,20,13,0,0,0
p18,21600,30,10,0,20,13,0,30,0
p18,21604,30,10,0,6,6,14,16,0
p18,21605,30,10,0,0,1,20,10,8
p18,21606,30,10,1,0,1,20,9,7
p18,21608,30,10,1,0,1,20,9,6
p18,21609,30,10,3,0,1,20,7,2
p18,21610,30,10,3,0,1,20,7,1
p18,21614,30,10,5,0,1,20,5,2
p18,21615,30,10,6,0,1,20,4,3
p18,21616,30,10,6,0,1,20,4,2
p18,21617,30,10,7,0,1,20,3,1
p18,21620,30,10,7,0,1,20,3,2
p18,21622,30,10,8,0,1,20,2,1
p18,21625,30,10,9,0,1,20,1,1
p18,21629,30,10,10,0,1,20,0,0
p18,22201,30,10,9,0,1,20,1,0
p18,22202,30,10,7,0,1,20,3,0
p18,22204,16,0,5,14,1,6,5,0
p18,22205,10,0,2,16,1,4,4,0
p18,22206,10,0,0,12,1,8,2,0
p18,22210,9,0,0,13,1,7,2,0
p18,22211,8,0,0,12,5,8,0,0
p18,22214,7,0,0,13,5,7,0,0
p18,22215,5,0,0,15,5,5,0,0
p18,22216,5,0,0,15,7,5,0,0
p18,22219,4,0,0,16,7,4,0,0
p18,22220,3,0,0,17,7,3,0,0
p18,22225,1,0,0,19,7,1,0,0
p18,22226,1,0,0,19,8,1,0,0
p18,22230,0,0,0,20,8,0,0,0
p18,22241,0,0,0,20,9,0,0,0
p18,22800,30,10,0,20,9,0,30,0
p18,22801,30,10,0,0,1,20,10,10
p18,22802,30,10,0,0,1,20,10,9
p18,22803,30,10,3,0,1,20,7,5
p18,22805,30,10,3,0,1,20,7,3
p18,22806,30,10,3,0,1,20,7,6
p18,22807,30,10,7,0,1,20,3,0
p18,22812,30,10,8,0,1,20,2,1
p18,22815,30,10,9,0,1,20,1,0
p18,22817,30,10,9,0,1,20,1,1
p18,22818,30,10,10,0,1,20,0,0
p18,23401,10,0,10,20,1,0,0,0
p18,23402,10,0,5,19,3,1,4,0
p18,23403,7,0,1,19,3,1,5,0
p18,23405,7,0,0,19,3,1,6,0
p18,23407,6,0,0,14,12,6,0,0
p18,23411,5,0,0,15,12,5,0,0
p18,23412,3,0,0,17,14,3,0,0
p18,23416,2,0,0,18,14,2,0,0
p18,23417,1,0,0,19,17,1,0,0
p18,23421,0,0,0,20,17,0,0,0
p18,23447,0,0,0,20,18,0,0,0
p18,23457,0,0,0,20,19,0,0,0
p18,23472,0,0,0,20,20,0,0,0
p18,24000,30,10,0,20,20,0,30,0
p18,24002,30,10,0,2,3,18,12,0
p18,24003,30,10,0,0,1,20,10,10
p18,24004,30,10,2,0,1,20,8,7
p18,24005,30,10,2,0,1,20,8,4
p18,24007,30,10,4,0,1,20,6,2
p18,24008,30,10,4,0,1,20,6,5
p18,24009,30,10,4,0,1,20,6,4
p18,24010,30,10,5,0,1,20,5,2
p18,24012,30,10,5,0,1,20,5,0
p18,24013,30,10,5,0,1,20,5,5
p18,24014,30,10,7,0,1,20,3,2
p18,24015,30,10,7,0,1,20,3,0
p18,24018,30,10,7,0,1,20,3,2
p18,24021,30,10,7,0,1,20,3,0
p18,24023,30,10,7,0,1,20,3,2
p18,24024,30,10,8,0,1,20,2,1
p18,24027,30,10,8,0,1,20,2,0
p18,24028,30,10,8,0,1,20,2,1
p18,24029,30,10,9,0,1,20,1,0
p18,24033,30,10,9,0,1,20,1,0
p18,24038,30,10,9,0,1,20,1,0
p18,24043,30,10,9,0,1,20,1,1
p18,24045,30,10,9,0,1,20,1,0
p18,24048,30,10,9,0,1,20,1,0
p18,24053,30,10,9,0,1,20,1,0
p18,24058,30,10,9,0,1,20,1,1
p18,24059,30,10,10,0,1,20,0,0
p18,24601,30,10,9,0,1,20,1,0
p18,24602,12,0,7,18,1,2,3,0
p18,24603,10,0,7,17,1,3,0,0
p18,24604,8,0,3,17,1,3,2,0
p18,24605,8,0,0,17,1,3,5,0
p18,24608,6,0,0,14,4,6,0,0
p18,24613,5,0,0,15,7,5,0,0
p18,24617,3,0,0,17,7,3,0,0
p18,24618,3,0,0,17,9,3,0,0
p18,24623,3,0,0,17,11,3,0,0
p18,24627,2,0,0,18,11,2,0,0
p18,24628,2,0,0,18,12,2,0,0
p18,24633,1,0,0,19,12,1,0,0
p18,24663,0,0,0,20,12,0,0,0
p18,25200,30,10,0,20,12,0,30,0
p18,25203,30,10,0,11,12,9,21,0
p18,25204,30,10,0,0,1,20,10,4
p18,25206,30,10,1,0,1,20,9,2
p18,25207,30,10,1,0,1,20,9,1
p18,25208,30,10,1,0,1,20,9,0
p18,25209,30,10,1,0,1,20,9,8
p18,25211,30,10,2,0,1,20,8,7
p18,25212,30,10,3,0,1,20,7,4
p18,25213,30,10,3,0,1,20,7,0
p18,25214,30,10,3,0,1,20,7,5
p18,25216,30,10,5,0,1,20,5,3
p18,25218,30,10,5,0,1,20,5,0
p18,25219,30,10,5,0,1,20,5,4
p18,25221,30,10,8,0,1,20,2,1
p18,25222,30,10,8,0,1,20,2,0
p18,25224,30,10,8,0,1,20,2,1
p18,25226,30,10,9,0,1,20,1,0
p18,25229,30,10,9,0,1,20,1,1
p18,25233,30,10,9,0,1,20,1,0
p18,25234,30,10,9,0,1,20,1,0
p18,25239,30,10,9,0,1,20,1,1
p18,25241,30,10,10,0,1,20,0,0
p18,25801,30,10,4,0,1,20,6,0
p18,25802,30,10,1,0,1,20,9,0
p18,25804,10,0,0,10,3,10,0,0
p18,25809,9,0,0,11,4,9,0,0
p18,25812,8,0,0,12,4,8,0,0
p18,25814,7,0,0,13,5,7,0,0
p18,25819,5,0,0,15,6,5,0,0
p18,25824,2,0,0,18,8,2,0,0
p18,25829,1,0,0,19,8,1,0,0
p18,25844,0,0,0,20,8,0,0,0
p18,25854,0,0,0,20,9,0,0,0
p18,26400,30,10,0,20,9,0,30,0
p18,26404,30,10,0,20,7,0,30,0
p18,26405,30,10,0,0,1,20,10,7
p18,26406,30,10,2,0,1,20,8,4
p18,26409,30,10,2,0,1,20,8,3
p18,26410,30,10,3,0,1,20,7,2
p18,26411,30,10,3,0,1,20,7,5
p18,26414,30,10,6,0,1,20,4,2
p18,26415,30,10,7,0,1,20,3,0
p18,26416,30,10,8,0,1,20,2,1
p18,26419,30,10,9,0,1,20,1,0
p18,26421,30,10,9,0,1,20,1,0
p18,26426,30,10,9,0,1,20,1,0
p18,26431,30,10,10,0,1,20,0,0
p18,27001,30,10,9,0,1,20,1,0
p18,27002,30,10,5,0,1,20,5,0
p18,27004,30,10,3,0,1,20,7,0
p18,27005,10,0,1,20,1,0,9,0
p18,27006,10,0,0,11,2,9,1,0
p18,27011,8,0,0,12,4,8,0,0
p18,27015,5,0,0,15,4,5,0,0
p18,27016,4,0,0,16,5,4,0,0
p18,27020,3,0,0,17,5,3,0,0
p18,27021,1,0,0,19,5,1,0,0
p18,27026,1,0,0,19,8,1,0,0
p18,27036,0,0,0,20,9,0,0,0
p18,27046,0,0,0,20,10,0,0,0
p18,27071,0,0,0,20,11,0,0,0
p18,27600,30,10,0,20,11,0,30,0
p18,27601,30,10,0,6,6,14,16,0
p18,27602,30,10,0,0,1,20,10,3
p18,27603,30,10,0,0,1,20,10,8
p18,27605,30,10,0,0,1,20,10,7
p18,27606,30,10,0,0,1,20,10,6
p18,27607,30,10,1,0,1,20,9,5
p18,27608,30,10,1,0,1,20,9,3
p18,27611,30,10,2,0,1,20,8,2
p18,27612,30,10,3,0,1,20,7,1
p18,27613,30,10,4,0,1,20,6,3
p18,27616,30,10,5,0,1,20,5,2
p18,27617,30,10,6,0,1,20,4,1
p18,27618,30,10,7,0,1,20,3,2
p18,27621,30,10,7,0,1,20,3,1
p18,27622,30,10,8,0,1,20,2,0
p18,27623,30,10,8,0,1,20,2,2
p18,27625,30,10,9,0,1,20,1,1
p18,27626,30,10,9,0,1,20,1,0
p18,27628,30,10,9,0,1,20,1,1
p18,27630,30,10,9,0,1,20,1,0
p18,27633,30,10,9,0,1,20,1,0
p18,27638,30,10,9,0,1,20,1,0
p18,27643,30,10,9,0,1,20,1,0
p18,27648,30,10,9,0,1,20,1,1
p18,27652,30,10,10,0,1,20,0,0
p18,28201,16,0,8,14,1,6,2,0
p18,28202,10,0,3,20,1,0,7,0
p18,28204,10,0,1,13,3,7,2,0
p18,28205,10,0,0,13,3,7,3,0
p18,28207,10,0,0,13,1,7,3,0
p18,28208,9,0,0,14,1,6,3,0
p18,28209,9,0,0,11,6,9,0,0
p18,28214,7,0,0,13,8,7,0,0
p18,28217,6,0,0,14,8,6,0,0
p18,28218,5,0,0,15,8,5,0,0
p18,28219,4,0,0,16,11,4,0,0
p18,28222,3,0,0,17,11,3,0,0
p18,28224,2,0,0,18,13,2,0,0
p18,28229,1,0,0,19,14,1,0,0
p18,28244,1,0,0,19,15,1,0,0
p18,28249,1,0,0,19,17,1,0,0
p18,28254,0,0,0,20,17,0,0,0
p18,28800,30,10,0,20,17,0,30,0
p18,28804,30,10,0,9,9,11,19,0
p18,28805,30,10,0,0,1,20,10,1
p18,28806,30,10,0,0,1,20,10,8
p18,28807,30,10,0,0,1,20,10,7
p18,28808,30,10,2,0,1,20,8,5
p18,28810,30,10,3,0,1,20,7,4
p18,28811,30,10,4,0,1,20,6,3
p18,28812,30,10,4,0,1,20,6,2
p18,28814,30,10,4,0,1,20,6,1
p18,28815,30,10,5,0,1,20,5,0
p18,28816,30,10,5,0,1,20,5,3
p18,28817,30,10,5,0,1,20,5,2
p18,28820,30,10,5,0,1,20,5,1
p18,28821,30,10,6,0,1,20,4,3
p18,28822,30,10,6,0,1,20,4,2
p18,28824,30,10,7,0,1,20,3,1
p18,28826,30,10,7,0,1,20,3,2
p18,28830,30,10,8,0,1,20,2,1
p18,28831,30,10,8,0,1,20,2,1
p18,28836,30,10,9,0,1,20,1,1
p18,28840,30,10,10,0,1,20,0,0
p18,29401,30,10,8,0,1,20,2,0
p18,29402,30,10,3,0,1,20,7,2
p18,29404,19,0,0,11,1,9,10,2
p18,29405,10,0,0,20,1,0,10,2
p18,29407,10,0,1,12,5,8,1,1
p18,29408,10,0,1,12,5,8,1,0
p18,29411,8,0,1,14,5,6,1,0
p18,29412,8,0,1,13,8,7,0,0
p18,29415,7,0,1,14,8,6,0,0
p18,29416,6,0,1,15,8,5,0,0
p18,29422,6,0,1,15,9,5,0,0
p18,29425,5,0,1,16,9,4,0,0
p18,29426,3,0,1,18,9,2,0,0
p18,29427,3,0,1,18,10,2,0,0
p18,29432,3,0,1,18,11,2,0,0
p18,29435,2,0,1,19,11,1,0,0
p18,29441,1,0,1,20,11,0,0,0
p18,29442,1,0,1,20,12,0,0,0
p18,29447,0,0,0,20,12,0,0,0
p18,29452,0,0,0,20,13,0,0,0
p18,29477,0,0,0,20,14,0,0,0
p18,30000,30,10,0,20,14,0,30,0
p18,30002,30,10,0,8,9,12,18,0
p18,30003,30,10,0,0,1,20,10,1
p18,30004,30,10,1,0,1,20,9,5
p18,30005,30,10,2,0,1,20,8,4
p18,30006,30,10,2,0,1,20,8,3
p18,30009,30,10,4,0,1,20,6,5
p18,30010,30,10,4,0,1,20,6,2
p18,30011,30,10,4,0,1,20,6,1
p18,30014,30,10,4,0,1,20,6,5
p18,30015,30,10,7,0,1,20,3,2
p18,30018,30,10,7,0,1,20,3,1
p18,30019,30,10,8,0,1,20,2,1
p18,30021,30,10,8,0,1,20,2,0
p18,30024,30,10,8,0,1,20,2,2
p18,30025,30,10,8,0,1,20,2,1
p18,30029,30,10,9,0,1,20,1,1
p18,30030,30,10,9,0,1,20,1,0
p18,30034,30,10,9,0,1,20,1,0
p18,30039,30,10,9,0,1,20,1,1
p18,30044,30,10,10,0,1,20,0,0
p18,30601,30,10,8,0,1,20,2,0
p18,30602,18,0,8,12,1,8,2,0
p18,30603,10,0,8,20,1,0,2,0
p18,30604,9,0,5,20,1,0,4,0
p18,30605,8,0,3,16,2,4,1,0
p18,30606,8,0,0,16,2,4,4,0
p18,30610,7,0,0,13,5,7,0,0
p18,30614,6,0,0,14,5,6,0,0
p18,30615,6,0,0,14,6,6,0,0
p18,30618,5,0,0,15,6,5,0,0
p18,30619,3,0,0,17,6,3,0,0
p18,30620,3,0,0,17,8,3,0,0
p18,30624,2,0,0,18,8,2,0,0
p18,30625,2,0,0,18,10,2,0,0
p18,30633,1,0,0,19,10,1,0,0
p18,30645,0,0,0,20,10,0,0,0
p18,31200,30,10,0,20,10,0,30,0
p18,31205,30,10,0,0,1,20,10,4
p18,31206,30,10,1,0,1,20,9,5
p18,31207,30,10,2,0,1,20,8,3
p18,31208,30,10,2,0,1,20,8,1
p18,31211,30,10,2,0,1,20,8,4
p18,31212,30,10,4,0,1,20,6,2
p18,31213,30,10,4,0,1,20,6,1
p18,31214,30,10,4,0,1,20,6,0
p18,31216,30,10,4,0,1,20,6,4
p18,31217,30,10,6,0,1,20,4,2
p18,31218,30,10,7,0,1,20,3,0
p18,31221,30,10,7,0,1,20,3,1
p18,31224,30,10,7,0,1,20,3,0
p18,31226,30,10,7,0,1,20,3,2
p18,31227,30,10,8,0,1,20,2,1
p18,31231,30,10,8,0,1,20,2,2
p18,31232,30,10,9,0,1,20,1,1
p18,31234,30,10,9,0,1,20,1,0
p18,31236,30,10,9,0,1,20,1,1
p18,31237,30,10,10,0,1,20,0,0
p18,31801,30,10,9,0,1,20,1,0
p18,31803,30,10,5,0,1,20,5,0
p18,31804,30,10,0,0,1,20,10,0
p18,31805,13,0,0,17,1,3,10,0
p18,31806,10,0,0,10,11,10,0,0
p18,31810,9,0,0,11,11,9,0,0
p18,31811,8,0,0,12,11,8,0,0
p18,31815,6,0,0,14,11,6,0,0
p18,31816,6,0,0,14,14,6,0,0
p18,31819,4,0,0,16,14,4,0,0
p18,31820,3,0,0,17,14,3,0,0
p18,31821,3,0,0,17,17,3,0,0
p18,31826,3,0,0,17,18,3,0,0
p18,31830,2,0,0,18,18,2,0,0
p18,31835,1,0,0,19,18,1,0,0
p18,31836,1,0,0,19,19,1,0,0
p18,31840,0,0,0,20,19,0,0,0
p18,31841,0,0,0,20,21,0,0,0
p18,31926,0,0,0,20,20,0,0,0
p18,32400,30,10,0,20,20,0,30,0
p18,32402,30,10,0,8,8,12,18,0
p18,32403,30,10,0,0,1,20,10,8
p18,32404,30,10,1,0,1,20,9,7
p18,32405,30,10,2,0,1,20,8,5
p18,32406,30,10,5,0,1,20,5,0
p18,32408,30,10,5,0,1,20,5,3
p18,32410,30,10,6,0,1,20,4,2
p18,32411,30,10,7,0,1,20,3,1
p18,32412,30,10,8,0,1,20,2,0
p18,32413,30,10,8,0,1,20,2,1
p18,32416,30,10,9,0,1,20,1,0
p18,32418,30,10,9,0,1,20,1,1
p18,32419,30,10,10,0,1,20,0,0
p18,33001,30,10,8,0,1,20,2,0
p18,33002,18,0,6,12,1,8,4,0
p18,33003,10,0,4,14,2,6,0,0
p18,33004,9,0,2,14,2,6,1,0
p18,33005,8,0,1,14,2,6,1,0
p18,33006,8,0,0,14,2,6,2,0
p18,33007,6,0,0,16,2,4,2,0
p18,33008,5,0,0,15,5,5,0,0
p18,33013,2,0,0,18,7,2,0,0
p18,33018,1,0,0,19,10,1,0,0
p18,33023,0,0,0,20,10,0,0,0
p18,33033,0,0,0,20,12,0,0,0
p18,33053,0,0,0,20,13,0,0,0
p18,33600,30,10,0,20,13,0,30,0
p18,33603,30,10,0,19,12,1,29,0
p18,33604,30,10,0,5,5,15,15,0
p18,33605,30,10,1,0,1,20,9,7
p18,33608,30,10,4,0,1,20,6,4
p18,33609,30,10,5,0,1,20,5,3
p18,33610,30,10,8,0,1,20,2,2
p18,33611,30,10,9,0,1,20,1,1
p18,33614,30,10,9,0,1,20,1,0
p18,33615,30,10,9,0,1,20,1,1
p18,33616,30,10,10,0,1,20,0,0
p18,34201,30,10,7,0,1,20,3,0
p18,34203,29,9,5,1,1,19,5,0
p18,34204,15,0,3,15,1,5,7,0
p18,34205,10,0,1,20,1,0,9,0
p18,34206,10,0,0,10,5,10,0,0
p18,34210,8,0,0,12,5,8,0,0
p18,34211,2,0,0,18,8,2,0,0
p18,34215,1,0,0,19,8,1,0,0
p18,34216,1,0,0,19,9,1,0,0
p18,34220,0,0,0,20,9,0,0,0
p18,34221,0,0,0,20,11,0,0,0
p18,34226,0,0,0,20,12,0,0,0
p18,34256,0,0,0,20,13,0,0,0
p18,34800,30,10,0,20,13,0,30,0
p18,34801,30,10,0,6,7,14,16,0
p18,34802,30,10,0,0,1,20,10,4
p18,34803,30,10,1,0,1,20,9,8
p18,34805,30,10,1,0,1,20,9,7
p18,34806,30,10,2,0,1,20,8,6
p18,34807,30,10,4,0,1,20,6,4
p18,34808,30,10,6,0,1,20,4,3
p18,34811,30,10,8,0,1,20,2,1
p18,34812,30,10,9,0,1,20,1,0
p18,34813,30,10,10,0,1,20,0,0
p18,35401,16,0,7,14,1,6,3,0
p18,35402,10,0,5,20,1,0,5,0
p18,35403,9,0,1,12,1,8,0,0
p18,35404,9,0,0,12,1,8,1,0
p18,35407,8,0,0,13,1,7,1,0
p18,35408,4,0,0,16,4,4,0,0
p18,35413,1,0,0,19,9,1,0,0
p18,35418,0,0,0,20,11,0,0,0
p18,35423,0,0,0,20,12,0,0,0
p18,35433,0,0,0,20,13,0,0,0
p18,36000,30,10,0,20,13,0,30,0
p18,36003,30,10,0,10,11,10,20,0
p18,36004,30,10,0,0,1,20,10,0
p18,36005,30,10,0,0,1,20,10,7
p18,36006,30,10,1,0,1,20,9,5
p18,36007,30,10,1,0,1,20,9,3
p18,36008,30,10,2,0,1,20,8,2
p18,36009,30,10,3,0,1,20,7,1
p18,36010,30,10,3,0,1,20,7,4
p18,36011,30,10,4,0,1,20,6,3
p18,36012,30,10,4,0,1,20,6,2
p18,36014,30,10,6,0,1,20,4,0
p18,36016,30,10,6,0,1,20,4,2
p18,36018,30,10,7,0,1,20,3,1
p18,36019,30,10,8,0,1,20,2,0
p18,36021,30,10,9,0,1,20,1,1
p18,36023,30,10,9,0,1,20,1,0
p18,36026,30,10,9,0,1,20,1,0
p18,36031,30,10,10,0,1,20,0,0
p18,36602,30,10,6,0,1,20,4,0
p18,36603,20,0,4,10,1,10,6,0
p18,36604,11,0,2,19,1,1,8,0
p18,36605,10,0,0,20,1,0,10,0
p18,36606,10,0,0,10,4,10,0,0
p18,36610,8,0,0,12,4,8,0,0
p18,36611,7,0,0,13,5,7,0,0
p18,36615,4,0,0,16,5,4,0,0
p18,36616,4,0,0,16,8,4,0,0
p18,36620,3,0,0,17,8,3,0,0
p18,36621,2,0,0,18,8,2,0,0
p18,36625,1,0,0,19,8,1,0,0
p18,36631,1,0,0,19,9,1,0,0
p18,36635,0,0,0,20,9,0,0,0
p18,37200,30,10,0,20,9,0,30,0
p18,37201,30,10,0,0,1,20,10,8
p18,37203,30,10,0,0,1,20,10,7
p18,37204,30,10,0,0,1,20,10,4
p18,37205,30,10,1,0,1,20,9,3
p18,37206,30,10,5,0,1,20,5,3
p18,37207,30,10,7,0,1,20,3,1
p18,37211,30,10,8,0,1,20,2,1
p18,37216,30,10,9,0,1,20,1,0
p18,37221,30,10,9,0,1,20,1,1
p18,37224,30,10,9,0,1,20,1,0
p18,37226,30,10,9,0,1,20,1,1
p18,37228,30,10,9,0,1,20,1,0
p18,37231,30,10,9,0,1,20,1,0
p18,37236,30,10,9,0,1,20,1,1
p18,37240,30,10,9,0,1,20,1,0
p18,37241,30,10,9,0,1,20,1,1
p18,37245,30,10,9,0,1,20,1,0
p18,37246,30,10,9,0,1,20,1,1
p18,37248,30,10,10,0,1,20,0,0
p18,37801,10,0,9,19,2,1,0,0
p18,37802,10,0,4,19,2,1,5,0
p18,37803,10,0,1,19,2,1,8,0
p18,37804,10,0,0,19,2,1,9,0
p18,37806,9,0,0,11,5,9,0,0
p18,37810,7,0,0,13,5,7,0,0
p18,37811,3,0,0,17,6,3,0,0
p18,37816,2,0,0,18,7,2,0,0
p18,37821,1,0,0,19,8,1,0,0
p18,37831,1,0,0,19,10,1,0,0
p18,37850,0,0,0,20,10,0,0,0
p18,37856,0,0,0,20,11,0,0,0
p18,38400,30,10,0,20,11,0,30,0
p18,38401,30,10,0,4,4,16,14,0
p18,38402,30,10,0,0,1,20,10,7
p18,38403,30,10,0,0,1,20,10,5
p18,38404,30,10,0,0,1,20,10,4
p18,38405,30,10,2,0,1,20,8,2
p18,38406,30,10,3,0,1,20,7,0
p18,38407,30,10,3,0,1,20,7,5
p18,38408,30,10,4,0,1,20,6,4
p18,38409,30,10,6,0,1,20,4,2
p18,38410,30,10,7,0,1,20,3,1
p18,38411,30,10,7,0,1,20,3,0
p18,38412,30,10,8,0,1,20,2,0
p18,38417,30,10,8,0,1,20,2,1
p18,38421,30,10,8,0,1,20,2,0
p18,38422,30,10,8,0,1,20,2,1
p18,38423,30,10,9,0,1,20,1,0
p18,38427,30,10,9,0,1,20,1,0
p18,38432,30,10,9,0,1,20,1,1
p18,38434,30,10,10,0,1,20,0,0
p18,39001,17,0,8,13,1,7,2,0
p18,39002,10,0,8,18,1,2,0,0
p18,39003,10,0,6,18,1,2,2,0
p18,39004,10,0,3,18,1,2,5,0
p18,39005,8,0,0,18,1,2,6,0
p18,39007,7,0,0,13,2,7,0,0
p18,39011,4,0,0,16,2,4,0,0
p18,39012,3,0,0,17,4,3,0,0
p18,39017,2,0,0,18,6,2,0,0
p18,39022,2,0,0,18,7,2,0,0
p18,39027,1,0,0,19,7,1,0,0
p18,39036,0,0,0,20,7,0,0,0
p18,39052,0,0,0,20,8,0,0,0
p18,39600,30,10,0,20,8,0,30,0
p18,39602,30,10,0,4,5,16,14,0
p18,39603,30,10,0,0,1,20,10,9
p18,39604,30,10,1,0,1,20,9,8
p18,39605,30,10,2,0,1,20,8,6
p18,39606,30,10,3,0,1,20,7,5
p18,39607,30,10,8,0,1,20,2,0
p18,39609,30,10,8,0,1,20,2,1
p18,39610,30,10,9,0,1,20,1,0
p18,39614,30,10,9,0,1,20,1,0
p18,39619,30,10,9,0,1,20,1,1
p18,39620,30,10,10,0,1,20,0,0
p18,40200,30,10,8,0,1,20,2,0
p18,40202,19,0,7,11,1,9,3,0
p18,40203,10,0,2,20,1,0,8,0
p18,40204,10,0,2,12,3,8,0,0
p18,40205,9,0,0,12,3,8,1,0
p18,40207,8,0,0,13,3,7,1,0
p18,40208,5,0,0,16,3,4,1,0
p18,40209,2,0,0,18,8,2,0,0
p18,40214,1,0,0,19,8,1,0,0
p18,40219,1,0,0,19,9,1,0,0
p18,40224,0,0,0,20,10,0,0,0
p18,40800,30,10,0,20,10,0,30,0
p18,40804,30,10,0,3,3,17,13,0
p18,40805,30,10,0,0,1,20,10,5
p18,40806,30,10,1,0,1,20,9,8
p18,40807,30,10,2,0,1,20,8,7
p18,40809,30,10,4,0,1,20,6,5
p18,40810,30,10,6,0,1,20,4,3
p18,40811,30,10,6,0,1,20,4,0
p18,40816,30,10,7,0,1,20,3,3
p18,40818,30,10,7,0,1,20,3,2
p18,40819,30,10,9,0,1,20,1,0
p18,40821,30,10,9,0,1,20,1,1
p18,40823,30,10,10,0,1,20,0,0
p18,41401,30,10,9,0,1,20,1,0
p18,41402,30,10,7,0,1,20,3,0
p18,41404,13,0,2,17,1,3,8,0
p18,41405,10,0,1,20,1,0,9,0
p18,41406,10,0,0,10,3,10,0,0
p18,41411,4,0,0,16,7,4,0,0
p18,41416,4,0,0,16,8,4,0,0
p18,41421,1,0,0,19,9,1,0,0
p18,41426,0,0,0,20,9,0,0,0
p18,42000,30,10,0,20,9,0,30,0
p18,42001,30,10,0,4,4,16,14,0
p18,42002,30,10,1,0,1,20,9,5
p18,42003,30,10,1,0,1,20,9,7
p18,42006,30,10,4,0,1,20,6,4
p18,42008,30,10,5,0,1,20,5,4
p18,42009,30,10,5,0,1,20,5,0
p18,42013,30,10,5,0,1,20,5,3
p18,42016,30,10,6,0,1,20,4,2
p18,42017,30,10,7,0,1,20,3,1
p18,42018,30,10,8,0,1,20,2,2
p18,42022,30,10,9,0,1,20,1,1
p18,42023,30,10,10,0,1,20,0,0
p18,42601,19,0,8,11,1,9,2,0
p18,42602,10,0,6,20,1,0,4,0
p18,42603,9,0,3,16,3,4,2,0
p18,42604,9,0,0,16,3,4,5,0
p18,42608,6,0,0,14,8,6,0,0
p18,42612,5,0,0,15,8,5,0,0
p18,42613,5,0,0,15,9,5,0,0
p18,42618,4,0,0,16,9,4,0,0
p18,42622,2,0,0,18,9,2,0,0
p18,42623,2,0,0,18,10,2,0,0
p18,42627,0,0,0,20,10,0,0,0
p18,43200,30,10,0,20,10,0,30,0
p18,43203,30,10,0,0,1,20,10,9
p18,43204,30,10,1,0,1,20,9,8
p18,43205,30,10,6,0,1,20,4,3
p18,43206,30,10,6,0,1,20,4,1
p18,43208,30,10,6,0,1,20,4,2
p18,43209,30,10,7,0,1,20,3,1
p18,43211,30,10,7,0,1,20,3,0
p18,43213,30,10,7,0,1,20,3,2
p18,43214,30,10,8,0,1,20,2,1
p18,43216,30,10,8,0,1,20,2,0
p18,43218,30,10,8,0,1,20,2,1
p18,43222,30,10,9,0,1,20,1,0
p18,43223,30,10,9,0,1,20,1,1
p18,43224,30,10,9,0,1,20,1,0
p18,43228,30,10,9,0,1,20,1,1
p18,43232,30,10,9,0,1,20,1,0
p18,43233,30,10,9,0,1,20,1,0
p18,43238,30,10,9,0,1,20,1,1
p18,43240,30,10,10,0,1,20,0,0
p18,43801,30,10,8,0,1,20,2,0
p18,43802,30,10,7,0,1,20,3,0
p18,43803,10,0,7,17,1,3,0,0
p18,43804,9,0,4,17,1,3,2,0
p18,43805,6,0,1,17,1,3,2,0
p18,43806,6,0,0,17,1,3,3,0
p18,43808,4,0,0,16,5,4,0,0
p18,43813,3,0,0,17,8,3,0,0
p18,43818,2,0,0,18,12,2,0,0
p18,43823,1,0,0,19,13,1,0,0
p18,43828,1,0,0,19,14,1,0,0
p18,43842,0,0,0,20,14,0,0,0
p18,44400,30,10,0,20,14,0,30,0
p18,44404,30,10,0,0,1,20,10,9
p18,44407,30,10,2,0,1,20,8,6
p18,44408,30,10,4,0,1,20,6,2
p18,44409,30,10,4,0,1,20,6,4
p18,44413,30,10,6,0,1,20,4,2
p18,44414,30,10,8,0,1,20,2,2
p18,44418,30,10,9,0,1,20,1,1
p18,44419,30,10,9,0,1,20,1,1
p18,44422,30,10,9,0,1,20,1,0
p18,44424,30,10,9,0,1,20,1,0
p18,44429,30,10,9,0,1,20,1,1
p18,44432,30,10,10,0,1,20,0,0
p18,45002,30,10,9,0,1,20,1,0
p18,45003,30,10,5,0,1,20,5,0
p18,45004,10,0,0,20,1,0,10,0
p18,45005,10,0,0,10,7,10,0,0
p18,45009,9,0,0,11,7,9,0,0
p18,45010,6,0,0,14,4,6,0,0
p18,45014,5,0,0,15,4,5,0,0
p18,45015,2,0,0,18,7,2,0,0
p18,45019,1,0,0,19,7,1,0,0
p18,45020,1,0,0,19,8,1,0,0
p18,45025,1,0,0,19,9,1,0,0
p18,45034,0,0,0,20,9,0,0,0
p18,45040,0,0,0,20,10,0,0,0
p18,45600,30,10,0,18,10,2,28,0
p18,45601,30,10,0,6,6,14,16,0
p18,45604,30,10,0,0,1,20,10,8
p18,45605,30,10,3,0,1,20,7,5
p18,45606,30,10,7,0,1,20,3,2
p18,45610,30,10,8,0,1,20,2,1
p18,45611,30,10,8,0,1,20,2,1
p18,45615,30,10,9,0,1,20,1,0
p18,45616,30,10,9,0,1,20,1,1
p18,45619,30,10,9,0,1,20,1,0
p18,45621,30,10,9,0,1,20,1,0
p18,45626,30,10,9,0,1,20,1,1
p18,45631,30,10,10,0,1,20,0,0
p18,46200,30,10,8,0,1,20,2,0
p18,46201,25,5,7,5,1,15,3,0
p18,46202,10,0,0,13,1,7,3,0
p18,46206,6,0,0,14,2,6,0,0
p18,46210,5,0,0,15,2,5,0,0
p18,46211,4,0,0,16,2,4,0,0
p18,46216,1,0,0,19,7,1,0,0
p18,46231,0,0,0,20,8,0,0,0
p18,46241,0,0,0,20,9,0,0,0
p18,46800,30,10,0,20,9,0,30,0
p18,46801,30,10,0,3,3,17,13,0
p18,46802,30,10,0,0,1,20,10,10
p18,46803,30,10,1,0,1,20,9,7
p18,46804,30,10,3,0,1,20,7,4
p18,46805,30,10,3,0,1,20,7,1
p18,46806,30,10,4,0,1,20,6,0
p18,46807,30,10,4,0,1,20,6,6
p18,46808,30,10,5,0,1,20,5,5
p18,46809,30,10,7,0,1,20,3,2
p18,46810,30,10,8,0,1,20,2,0
p18,46812,30,10,8,0,1,20,2,2
p18,46814,30,10,9,0,1,20,1,1
p18,46815,30,10,9,0,1,20,1,0
p18,46817,30,10,9,0,1,20,1,1
p18,46820,30,10,9,0,1,20,1,0
p18,46822,30,10,9,0,1,20,1,1
p18,46824,30,10,9,0,1,20,1,0
p18,46827,30,10,9,0,1,20,1,1
p18,46831,30,10,10,0,1,20,0,0
p18,47401,30,10,9,0,1,20,1,0
p18,47402,10,0,8,18,1,2,0,0
p18,47403,9,0,7,18,1,2,0,0
p18,47404,7,0,3,18,1,2,2,0
p18,47405,7,0,1,18,1,2,4,0
p18,47406,7,0,0,18,1,2,5,0
p18,47407,6,0,0,14,5,6,0,0
p18,47411,2,0,0,18,5,2,0,0
p18,47412,2,0,0,18,8,2,0,0
p18,47417,1,0,0,19,8,1,0,0
p18,47422,1,0,0,19,9,1,0,0
p18,47432,0,0,0,20,9,0,0,0
p18,47437,0,0,0,20,10,0,0,0
p18,48000,30,10,0,20,10,0,30,0
p18,48002,30,10,0,3,4,17,13,0
p18,48003,30,10,0,0,1,20,10,6
p18,48004,30,10,3,0,1,20,7,3
p18,48007,30,10,5,0,1,20,5,0
p18,48008,30,10,5,0,1,20,5,4
p18,48010,30,10,5,0,1,20,5,3
p18,48012,30,10,5,0,1,20,5,2
p18,48013,30,10,5,0,1,20,5,5
p18,48014,30,10,5,0,1,20,5,3
p18,48015,30,10,5,0,1,20,5,2
p18,48016,30,10,6,0,1,20,4,1
p18,48018,30,10,6,0,1,20,4,4
p18,48021,30,10,6,0,1,20,4,3
p18,48022,30,10,9,0,1,20,1,0
p18,48023,30,10,9,0,1,20,1,1
p18,48026,30,10,10,0,1,20,0,0
p18,48602,18,0,9,12,1,8,1,0
p18,48603,10,0,3,14,3,6,1,0
p18,48604,7,0,0,14,3,6,1,0
p18,48607,6,0,0,15,3,5,1,0
p18,48608,6,0,0,14,5,6,0,0
p18,48612,5,0,0,15,5,5,0,0
p18,48613,5,0,0,15,7,5,0,0
p18,48617,4,0,0,16,7,4,0,0
p18,48618,4,0,0,16,9,4,0,0
p18,48622,1,0,0,19,9,1,0,0
p18,48628,0,0,0,20,9,0,0,0
p18,48638,0,0,0,20,10,0,0,0
p18,48643,0,0,0,20,11,0,0,0
p18,48658,0,0,0,20,12,0,0,0
p18,49200,30,10,0,20,12,0,30,0
p18,49203,30,10,0,11,10,9,21,0
p18,49204,30,10,0,1,2,19,11,0
p18,49205,30,10,0,0,1,20,10,7
p18,49206,30,10,0,0,1,20,10,5
p18,49208,30,10,0,0,1,20,10,4
p18,49209,30,10,0,0,1,20,10,3
p18,49210,30,10,2,0,1,20,8,6
p18,49212,30,10,2,0,1,20,8,5
p18,49213,30,10,3,0,1,20,7,4
p18,49214,30,10,5,0,1,20,5,2
p18,49215,30,10,7,0,1,20,3,1
p18,49220,30,10,8,0,1,20,2,2
p18,49221,30,10,8,0,1,20,2,1
p18,49224,30,10,9,0,1,20,1,0
p18,49225,30,10,9,0,1,20,1,1
p18,49230,30,10,10,0,1,20,0,0
p18,49803,21,1,9,9,1,11,1,0
p18,49804,11,0,9,19,1,1,1,0
p18,49805,10,0,3,20,1,0,7,0
p18,49806,10,0,0,13,5,7,3,0
p18,49810,9,0,0,14,5,6,3,0
p18,49811,9,0,0,11,6,9,0,0
p18,49815,6,0,0,14,6,6,0,0
p18,49816,4,0,0,16,9,4,0,0
p18,49820,2,0,0,18,9,2,0,0
p18,49826,1,0,0,19,9,1,0,0
p18,49835,0,0,0,20,9,0,0,0
p18,49836,0,0,0,20,10,0,0,0
p18,50400,30,10,0,20,10,0,30,0
p18,50401,30,10,0,2,2,18,12,0
p18,50402,30,10,0,0,1,20,10,8
p18,50403,30,10,0,0,1,20,10,5
p18,50404,30,10,0,0,1,20,10,3
p18,50407,30,10,1,0,1,20,9,9
p18,50408,30,10,4,0,1,20,6,4
p18,50409,30,10,5,0,1,20,5,2
p18,50411,30,10,6,0,1,20,4,1
p18,50412,30,10,6,0,1,20,4,2
p18,50413,30,10,7,0,1,20,3,3
p18,50414,30,10,7,0,1,20,3,2
p18,50417,30,10,8,0,1,20,2,0
p18,50418,30,10,8,0,1,20,2,0
p18,50423,30,10,8,0,1,20,2,0
p18,50428,30,10,8,0,1,20,2,1
p18,50431,30,10,9,0,1,20,1,0
p18,50433,30,10,10,0,1,20,0,0
p18,51001,12,0,10,18,1,2,0,0
p18,51002,10,0,7,20,1,0,3,0
p18,51003,10,0,5,16,4,4,1,0
p18,51004,10,0,3,16,4,4,3,0
p18,51005,10,0,0,16,4,4,6,0
p18,51007,10,0,0,16,2,4,6,0
p18,51008,9,0,0,11,7,9,0,0
p18,51011,8,0,0,12,7,8,0,0
p18,51012,6,0,0,14,7,6,0,0
p18,51013,4,0,0,16,8,4,0,0
p18,51017,3,0,0,17,8,3,0,0
p18,51018,2,0,0,18,9,2,0,0
p18,51033,1,0,0,19,9,1,0,0
p18,51036,0,0,0,20,9,0,0,0
p18,51600,30,10,0,20,9,0,30,0
p18,51603,30,10,0,0,1,20,10,8
p18,51605,30,10,1,0,1,20,9,7
p18,51606,30,10,6,0,1,20,4,1
p18,51607,30,10,7,0,1,20,3,0
p18,51608,30,10,7,0,1,20,3,2
p18,51609,30,10,7,0,1,20,3,1
p18,51611,30,10,8,0,1,20,2,0
p18,51613,30,10,8,0,1,20,2,2
p18,51617,30,10,8,0,1,20,2,0
p18,51618,30,10,8,0,1,20,2,2
p18,51620,30,10,8,0,1,20,2,1
p18,51621,30,10,9,0,1,20,1,0
p18,51624,30,10,9,0,1,20,1,0
p18,51629,30,10,9,0,1,20,1,0
p18,51634,30,10,9,0,1,20,1,1
p18,51637,30,10,9,0,1,20,1,0
p18,51639,30,10,9,0,1,20,1,0
p18,51644,30,10,9,0,1,20,1,0
p18,51649,30,10,9,0,1,20,1,0
p18,51654,30,10,9,0,1,20,1,0
p18,51659,30,10,9,0,1,20,1,1
p18,51662,30,10,9,0,1,20,1,0
p18,51664,30,10,9,0,1,20,1,1
p18,51666,30,10,10,0,1,20,0,0
p18,52201,30,10,9,0,1,20,1,0
p18,52202,30,10,1,0,1,20,9,0
p18,52203,10,0,0,20,1,0,10,0
p18,52204,10,0,0,10,8,10,0,0
p18,52207,10,0,0,10,7,10,0,0
p18,52208,5,0,0,15,7,5,0,0
p18,52209,3,0,0,17,10,3,0,0
p18,52213,2,0,0,18,10,2,0,0
p18,52214,2,0,0,18,12,2,0,0
p18,52223,1,0,0,19,12,1,0,0
p18,52233,1,0,0,19,11,1,0,0
p18,52234,1,0,0,19,12,1,0,0
p18,52269,0,0,0,20,12,0,0,0
p18,52800,30,10,0,20,12,0,30,0
p18,52804,30,10,0,0,1,20,10,0
p18,52805,30,10,0,0,1,20,10,9
p18,52806,30,10,0,0,1,20,10,8
p18,52809,30,10,5,0,1,20,5,1
p18,52810,30,10,5,0,1,20,5,3
p18,52814,30,10,8,0,1,20,2,0
p18,52815,30,10,8,0,1,20,2,2
p18,52819,30,10,10,0,1,20,0,0
p18,53404,19,0,7,11,1,9,3,0
p18,53405,10,0,1,12,4,8,1,0
p18,53406,10,0,0,12,4,8,2,0
p18,53410,7,0,0,13,6,7,0,0
p18,53414,5,0,0,15,6,5,0,0
p18,53415,2,0,0,18,13,2,0,0
p18,53420,0,0,0,20,16,0,0,0
p18,53430,0,0,0,20,17,0,0,0
p18,53435,0,0,0,20,18,0,0,0
p18,53465,0,0,0,20,19,0,0,0
p18,54000,30,10,0,17,18,3,27,0
p18,54001,30,10,0,12,13,8,22,0
p18,54002,30,10,0,0,1,20,10,5
p18,54004,30,10,0,0,1,20,10,4
p18,54005,30,10,0,0,1,20,10,1
p18,54007,30,10,1,0,1,20,9,6
p18,54008,30,10,1,0,1,20,9,5
p18,54009,30,10,3,0,1,20,7,3
p18,54010,30,10,3,0,1,20,7,1
p18,54012,30,10,4,0,1,20,6,4
p18,54017,30,10,6,0,1,20,4,3
p18,54022,30,10,8,0,1,20,2,1
p18,54023,30,10,8,0,1,20,2,0
p18,54028,30,10,8,0,1,20,2,1
p18,54031,30,10,8,0,1,20,2,0
p18,54033,30,10,8,0,1,20,2,1
p18,54035,30,10,8,0,1,20,2,0
p18,54038,30,10,8,0,1,20,2,1
p18,54041,30,10,9,0,1,20,1,0
p18,54043,30,10,9,0,1,20,1,1
p18,54044,30,10,10,0,1,20,0,0
p18,54600,28,8,10,2,1,18,0,0
p18,54601,22,2,10,8,1,12,0,0
p18,54602,10,0,6,20,1,0,4,0
p18,54603,10,0,3,16,4,4,3,0
p18,54604,10,0,0,16,4,4,6,0
p18,54607,9,0,0,17,4,3,6,0
p18,54608,9,0,0,11,6,9,0,0
p18,54613,7,0,0,13,6,7,0,0
p18,54617,5,0,0,15,6,5,0,0
p18,54618,4,0,0,16,7,4,0,0
p18,54627,2,0,0,18,7,2,0,0
p18,54628,2,0,0,18,8,2,0,0
p18,54642,1,0,0,19,8,1,0,0
p18,54648,0,0,0,20,8,0,0,0
p18,55200,30,10,0,20,8,0,30,0
p18,55203,30,10,0,0,1,20,10,0
p18,55204,30,10,1,0,1,20,9,5
p18,55205,30,10,2,0,1,20,8,4
p18,55209,30,10,2,0,1,20,8,7
p18,55210,30,10,2,0,1,20,8,4
p18,55212,30,10,2,0,1,20,8,3
p18,55214,30,10,5,0,1,20,5,4
p18,55216,30,10,6,0,1,20,4,3
p18,55217,30,10,7,0,1,20,3,2
p18,55219,30,10,8,0,1,20,2,2
p18,55222,30,10,8,0,1,20,2,1
p18,55224,30,10,9,0,1,20,1,1
p18,55229,30,10,9,0,1,20,1,1
p18,55234,30,10,10,0,1,20,0,0
p18,55801,30,10,9,0,1,20,1,0
p18,55802,30,10,8,0,1,20,2,0
p18,55803,10,0,8,20,1,0,2,0
p18,55804,9,0,4,20,1,0,5,0
p18,55805,8,0,0,15,6,5,3,0
p18,55810,8,0,0,12,12,8,0,0
p18,55815,6,0,0,14,12,6,0,0
p18,55819,5,0,0,15,12,5,0,0
p18,55820,3,0,0,17,14,3,0,0
p18,55824,1,0,0,19,14,1,0,0
p18,55839,0,0,0,20,14,0,0,0
p18,55850,0,0,0,20,15,0,0,0
p18,55865,0,0,0,20,16,0,0,0
p18,56400,30,10,0,20,16,0,30,0
p18,56405,30,10,0,0,1,20,10,7
p18,56406,30,10,3,0,1,20,7,3
p18,56407,30,10,3,0,1,20,7,2
p18,56408,30,10,4,0,1,20,6,1
p18,56410,30,10,4,0,1,20,6,3
p18,56411,30,10,6,0,1,20,4,1
p18,56413,30,10,6,0,1,20,4,0
p18,56415,30,10,6,0,1,20,4,3
p18,56416,30,10,7,0,1,20,3,2
p18,56418,30,10,7,0,1,20,3,1
p18,56419,30,10,7,0,1,20,3,0
p18,56420,30,10,7,0,1,20,3,2
p18,56422,30,10,7,0,1,20,3,1
p18,56424,30,10,8,0,1,20,2,0
p18,56425,30,10,8,0,1,20,2,1
p18,56426,30,10,9,0,1,20,1,0
p18,56430,30,10,9,0,1,20,1,1
p18,56433,30,10,10,0,1,20,0,0
p18,57001,30,10,9,0,1,20,1,0
p18,57002,30,10,3,0,1,20,7,0
p18,57004,30,10,0,0,1,20,10,0
p18,57005,10,0,0,20,1,0,10,0
p18,57006,10,0,0,10,5,10,0,0
p18,57009,9,0,0,11,5,9,0,0
p18,57010,6,0,0,14,5,6,0,0
p18,57011,6,0,0,14,10,6,0,0
p18,57015,4,0,0,16,10,4,0,0
p18,57016,4,0,0,16,11,4,0,0
p18,57020,3,0,0,17,11,3,0,0
p18,57021,3,0,0,17,14,3,0,0
p18,57025,2,0,0,18,14,2,0,0
p18,57030,1,0,0,19,14,1,0,0
p18,57034,0,0,0,20,14,0,0,0
p18,57600,30,10,0,20,14,0,30,0
p18,57601,30,10,0,6,7,14,16,0
p18,57602,30,10,1,0,1,20,9,5
p18,57603,30,10,2,0,1,20,8,4
p18,57604,30,10,3,0,1,20,7,2
p18,57605,30,10,4,0,1,20,6,0
p18,57606,30,10,4,0,1,20,6,4
p18,57609,30,10,5,0,1,20,5,3
p18,57610,30,10,5,0,1,20,5,1
p18,57611,30,10,5,0,1,20,5,0
p18,57615,30,10,7,0,1,20,3,0
p18,57616,30,10,7,0,1,20,3,3
p18,57620,30,10,9,0,1,20,1,0
p18,57621,30,10,9,0,1,20,1,1
p18,57626,30,10,9,0,1,20,1,0
p18,57631,30,10,9,0,1,20,1,1
p18,57635,30,10,9,0,1,20,1,0
p18,57636,30,10,9,0,1,20,1,1
p18,57641,30,10,9,0,1,20,1,0
p18,57646,30,10,9,0,1,20,1,0
p18,57651,30,10,9,0,1,20,1,0
p18,57656,30,10,9,0,1,20,1,1
p18,57657,30,10,9,0,1,20,1,0
p18,57661,30,10,9,0,1,20,1,1
p18,57666,30,10,10,0,1,20,0,0
p18,58201,16,0,9,14,1,6,1,0
p18,58202,9,0,7,18,1,2,0,0
p18,58203,8,0,6,18,1,2,0,0
p18,58204,7,0,4,18,1,2,1,0
p18,58205,6,0,0,18,1,2,4,0
p18,58206,6,0,0,17,2,3,3,0
p18,58207,6,0,0,14,5,6,0,0
p18,58211,5,0,0,15,5,5,0,0
p18,58216,3,0,0,17,5,3,0,0
p18,58220,2,0,0,18,5,2,0,0
p18,58221,1,0,0,19,5,1,0,0
p18,58222,1,0,0,19,8,1,0,0
p18,58227,1,0,0,19,9,1,0,0
p18,58266,0,0,0,20,9,0,0,0
p18,58800,30,10,0,20,9,0,30,0
p18,58802,30,10,0,4,4,16,14,0
p18,58803,30,10,0,0,1,20,10,8
p18,58805,30,10,1,0,1,20,9,7
p18,58806,30,10,4,0,1,20,6,2
p18,58807,30,10,4,0,1,20,6,1
p18,58808,30,10,4,0,1,20,6,4
p18,58810,30,10,4,0,1,20,6,2
p18,58811,30,10,5,0,1,20,5,1
p18,58813,30,10,5,0,1,20,5,2
p18,58817,30,10,6,0,1,20,4,1
p18,58818,30,10,6,0,1,20,4,3
p18,58819,30,10,6,0,1,20,4,2
p18,58821,30,10,7,0,1,20,3,1
p18,58822,30,10,8,0,1,20,2,0
p18,58823,30,10,8,0,1,20,2,2
p18,58824,30,10,9,0,1,20,1,1
p18,58828,30,10,9,0,1,20,1,0
p18,58833,30,10,9,0,1,20,1,1
p18,58836,30,10,10,0,1,20,0,0
p18,59401,30,10,8,0,1,20,2,0
p18,59402,14,0,5,16,1,4,5,0
p18,59403,10,0,2,15,1,5,3,0
p18,59404,10,0,1,12,2,8,1,0
p18,59405,9,0,0,12,2,8,1,0
p18,59407,8,0,0,13,2,7,1,0
p18,59408,6,0,0,15,2,5,1,0
p18,59409,6,0,0,14,2,6,0,0
p18,59413,5,0,0,15,2,5,0,0
p18,59414,5,0,0,15,6,5,0,0
p18,59417,4,0,0,16,6,4,0,0
p18,59419,4,0,0,16,7,4,0,0
p18,59422,3,0,0,17,7,3,0,0
p18,59423,2,0,0,18,7,2,0,0
p18,59424,2,0,0,18,12,2,0,0
p18,59428,1,0,0,19,12,1,0,0
p18,59434,1,0,0,19,13,1,0,0
p18,59438,0,0,0,20,13,0,0,0
p18,59439,0,0,0,20,14,0,0,0
p18,60000,30,10,0,20,14,0,30,0
p18,60004,30,10,0,6,7,14,16,0
p18,60005,30,10,0,0,1,20,10,4
p18,60006,30,10,0,0,1,20,10,9
p18,60007,30,10,1,0,1,20,9,7
p18,60010,30,10,4,0,1,20,6,4
p18,60011,30,10,6,0,1,20,4,3
p18,60015,30,10,8,0,1,20,2,0
p18,60016,30,10,8,0,1,20,2,0
p18,60021,30,10,8,0,1,20,2,1
p18,60026,30,10,8,0,1,20,2,0
p18,60031,30,10,8,0,1,20,2,1
p18,60036,30,10,8,0,1,20,2,1
p18,60041,30,10,9,0,1,20,1,0
p18,60046,30,10,9,0,1,20,1,0
p18,60051,30,10,9,0,1,20,1,1
p18,60056,30,10,9,0,1,20,1,0
p18,60061,30,10,9,0,1,20,1,1
p18,60065,30,10,10,0,1,20,0,0
p18,60601,30,10,6,0,1,20,4,0
p18,60602,30,10,4,0,1,20,6,3
p18,60603,30,10,4,0,1,20,6,2
p18,60604,16,0,4,14,1,6,6,2
p18,60605,10,0,2,20,1,0,8,1
p18,60606,10,0,3,13,5,7,0,0
p18,60607,10,0,2,13,5,7,1,0
p18,60611,8,0,2,15,5,5,1,0
p18,60615,7,0,1,14,5,6,0,0
p18,60616,2,0,1,19,7,1,0,0
p18,60621,2,0,1,19,8,1,0,0
p18,60646,1,0,0,19,8,1,0,0
p18,60666,1,0,0,19,9,1,0,0
p18,60670,0,0,0,20,9,0,0,0
p18,60681,0,0,0,20,10,0,0,0
p18,61200,30,10,0,20,10,0,30,0
p18,61201,30,10,0,9,9,11,19,0
p18,61202,30,10,0,0,1,20,10,1
p18,61203,30,10,0,0,1,20,10,10
p18,61204,30,10,0,0,1,20,10,7
p18,61206,30,10,1,0,1,20,9,5
p18,61207,30,10,4,0,1,20,6,1
p18,61208,30,10,5,0,1,20,5,4
p18,61209,30,10,5,0,1,20,5,3
p18,61212,30,10,7,0,1,20,3,1
p18,61213,30,10,8,0,1,20,2,1
p18,61216,30,10,8,0,1,20,2,0
p18,61218,30,10,8,0,1,20,2,2
p18,61219,30,10,8,0,1,20,2,1
p18,61220,30,10,9,0,1,20,1,0
p18,61223,30,10,9,0,1,20,1,1
p18,61228,30,10,10,0,1,20,0,0
p18,61801,30,10,9,0,1,20,1,0
p18,61802,10,0,6,20,1,0,4,0
p18,61803,10,0,3,20,1,0,7,0
p18,61804,10,0,2,13,3,7,1,0
p18,61805,10,0,0,13,3,7,3,0
p18,61807,9,0,0,14,2,6,3,0
p18,61808,7,0,0,16,2,4,3,0
p18,61809,6,0,0,14,7,6,0,0
p18,61813,3,0,0,17,7,3,0,0
p18,61814,3,0,0,17,9,3,0,0
p18,61817,2,0,0,18,9,2,0,0
p18,61819,2,0,0,18,10,2,0,0
p18,61823,1,0,0,19,10,1,0,0
p18,61832,0,0,0,20,10,0,0,0
p18,62400,30,10,0,20,10,0,30,0
p18,62404,30,10,1,0,1,20,9,8
p18,62405,30,10,3,0,1,20,7,6
p18,62406,30,10,4,0,1,20,6,2
p18,62408,30,10,5,0,1,20,5,0
p18,62409,30,10,5,0,1,20,5,5
p18,62410,30,10,6,0,1,20,4,3
p18,62411,30,10,8,0,1,20,2,1
p18,62414,30,10,8,0,1,20,2,2
p18,62415,30,10,9,0,1,20,1,1
p18,62416,30,10,10,0,1,20,0,0
p18,63000,30,10,9,0,1,20,1,0
p18,63001,30,10,7,0,1,20,3,0
p18,63002,30,10,4,0,1,20,6,0
p18,63003,30,10,3,0,1,20,7,0
p18,63004,9,0,2,20,1,0,7,0
p18,63005,7,0,0,13,3,7,0,0
p18,63008,6,0,0,14,3,6,0,0
p18,63010,5,0,0,15,6,5,0,0
p18,63013,4,0,0,16,6,4,0,0
p18,63014,2,0,0,18,6,2,0,0
p18,63015,2,0,0,18,8,2,0,0
p18,63019,1,0,0,19,8,1,0,0
p18,63020,0,0,0,20,9,0,0,0
p18,63600,30,10,0,20,9,0,30,0
p18,63605,30,10,0,0,1,20,10,9
p18,63606,30,10,1,0,1,20,9,7
p18,63608,30,10,3,0,1,20,7,4
p18,63609,30,10,7,0,1,20,3,0
p18,63610,30,10,7,0,1,20,3,3
p18,63611,30,10,7,0,1,20,3,2
p18,63612,30,10,8,0,1,20,2,1
p18,63614,30,10,8,0,1,20,2,0
p18,63615,30,10,8,0,1,20,2,1
p18,63620,30,10,8,0,1,20,2,2
p18,63621,30,10,9,0,1,20,1,1
p18,63622,30,10,10,0,1,20,0,0
p18,64202,30,10,6,0,1,20,4,0
p18,64204,30,10,2,0,1,20,8,0
p18,64205,10,0,0,10,4,10,0,0
p18,64210,3,0,0,17,7,3,0,0
p18,64215,2,0,0,18,8,2,0,0
p18,64225,0,0,0,20,8,0,0,0
p18,64235,0,0,0,20,10,0,0,0
p18,64800,30,10,0,20,10,0,30,0
p18,64801,30,10,0,4,5,16,14,0
p18,64802,30,10,0,0,1,20,10,6
p18,64803,30,10,2,0,1,20,8,4
p18,64804,30,10,3,0,1,20,7,3
p18,64805,30,10,3,0,1,20,7,2
p18,64806,30,10,4,0,1,20,6,0
p18,64807,30,10,4,0,1,20,6,3
p18,64808,30,10,5,0,1,20,5,2
p18,64809,30,10,5,0,1,20,5,1
p18,64811,30,10,6,0,1,20,4,0
p18,64812,30,10,7,0,1,20,3,3
p18,64813,30,10,9,0,1,20,1,1
p18,64816,30,10,10,0,1,20,0,0
p18,65401,21,1,10,9,1,11,0,0
p18,65402,10,0,7,20,1,0,3,0
p18,65403,8,0,3,20,1,0,5,0
p18,65404,7,0,0,20,1,0,7,0
p18,65407,7,0,0,13,3,7,0,0
p18,65411,6,0,0,14,3,6,0,0
p18,65412,5,0,0,15,5,5,0,0
p18,65416,2,0,0,18,5,2,0,0
p18,65417,1,0,0,19,6,1,0,0
p18,65421,0,0,0,20,6,0,0,0
p18,66000,30,10,0,20,6,0,30,0
p18,66002,30,10,0,5,5,15,15,0
p18,66003,30,10,0,0,1,20,10,3
p18,66004,30,10,1,0,1,20,9,5
p18,66005,30,10,2,0,1,20,8,4
p18,66008,30,10,2,0,1,20,8,3
p18,66009,30,10,3,0,1,20,7,6
p18,66010,30,10,3,0,1,20,7,3
p18,66013,30,10,4,0,1,20,6,2
p18,66014,30,10,6,0,1,20,4,2
p18,66015,30,10,7,0,1,20,3,1
p18,66019,30,10,8,0,1,20,2,2
p18,66020,30,10,9,0,1,20,1,1
p18,66024,30,10,10,0,1,20,0,0
p18,66602,15,0,10,15,1,5,0,0
p18,66603,10,0,9,20,1,0,1,0
p18,66604,9,0,8,19,1,1,0,0
p18,66605,9,0,2,19,2,1,6,0
p18,66606,8,0,0,19,2,1,7,0
p18,66609,8,0,0,18,2,2,6,0
p18,66610,8,0,0,12,4,8,0,0
p18,66614,6,0,0,14,4,6,0,0
p18,66615,6,0,0,14,6,6,0,0
p18,66618,5,0,0,15,6,5,0,0
p18,66619,3,0,0,17,6,3,0,0
p18,66620,3,0,0,17,7,3,0,0
p18,66623,2,0,0,18,7,2,0,0
p18,66624,1,0,0,19,7,1,0,0
p18,66625,1,0,0,19,9,1,0,0
p18,66629,0,0,0,20,9,0,0,0
p18,66655,0,0,0,20,10,0,0,0
p18,66660,0,0,0,20,11,0,0,0
p18,67200,30,10,0,20,11,0,30,0
p18,67205,30,10,0,0,1,20,10,1
p18,67206,30,10,0,0,1,20,10,4
p18,67207,30,10,1,0,1,20,9,3
p18,67208,30,10,1,0,1,20,9,2
p18,67209,30,10,2,0,1,20,8,0
p18,67211,30,10,2,0,1,20,8,3
p18,67215,30,10,3,0,1,20,7,2
p18,67216,30,10,4,0,1,20,6,3
p18,67217,30,10,4,0,1,20,6,0
p18,67221,30,10,4,0,1,20,6,5
p18,67222,30,10,5,0,1,20,5,4
p18,67223,30,10,5,0,1,20,5,2
p18,67224,30,10,6,0,1,20,4,1
p18,67225,30,10,6,0,1,20,4,0
p18,67226,30,10,7,0,1,20,3,3
p18,67227,30,10,8,0,1,20,2,1
p18,67228,30,10,8,0,1,20,2,0
p18,67231,30,10,8,0,1,20,2,0
p18,67236,30,10,8,0,1,20,2,1
p18,67240,30,10,8,0,1,20,2,0
p18,67241,30,10,8,0,1,20,2,2
p18,67242,30,10,10,0,1,20,0,0
p18,67801,30,10,8,0,1,20,2,0
p18,67802,30,10,6,0,1,20,4,0
p18,67803,30,10,2,0,1,20,8,0
p18,67805,10,0,0,20,1,0,10,0
p18,67806,10,0,0,10,7,10,0,0
p18,67810,8,0,0,12,7,8,0,0
p18,67811,8,0,0,12,8,8,0,0
p18,67820,6,0,0,14,8,6,0,0
p18,67821,6,0,0,14,9,6,0,0
p18,67824,5,0,0,15,9,5,0,0
p18,67825,4,0,0,16,9,4,0,0
p18,67826,4,0,0,16,11,4,0,0
p18,67830,3,0,0,17,11,3,0,0
p18,67831,2,0,0,18,11,2,0,0
p18,67841,2,0,0,18,12,2,0,0
p18,67845,0,0,0,20,12,0,0,0
p18,67851,0,0,0,20,13,0,0,0
p18,68400,30,10,0,20,13,0,30,0
p18,68401,30,10,0,0,1,20,10,7
p18,68403,30,10,2,0,1,20,8,3
p18,68404,30,10,3,0,1,20,7,2
p18,68405,30,10,5,0,1,20,5,0
p18,68406,30,10,5,0,1,20,5,3
p18,68408,30,10,5,0,1,20,5,2
p18,68410,30,10,6,0,1,20,4,1
p18,68411,30,10,6,0,1,20,4,1
p18,68412,30,10,7,0,1,20,3,0
p18,68416,30,10,7,0,1,20,3,3
p18,68417,30,10,8,0,1,20,2,1
p18,68420,30,10,9,0,1,20,1,0
p18,68421,30,10,9,0,1,20,1,1
p18,68426,30,10,9,0,1,20,1,0
p18,68431,30,10,9,0,1,20,1,1
p18,68435,30,10,10,0,1,20,0,0
p18,69001,22,2,9,8,1,12,1,0
p18,69002,8,0,3,16,2,4,1,0
p18,69003,8,0,1,16,2,4,3,0
p18,69004,7,0,0,16,2,4,3,0
p18,69006,6,0,0,17,2,3,3,0
p18,69007,6,0,0,14,5,6,0,0
p18,69010,5,0,0,15,5,5,0,0
p18,69011,4,0,0,16,5,4,0,0
p18,69012,4,0,0,16,7,4,0,0
p18,69016,3,0,0,17,7,3,0,0
p18,69020,2,0,0,18,7,2,0,0
p18,69021,1,0,0,19,7,1,0,0
p18,69022,1,0,0,19,8,1,0,0
p18,69032,1,0,0,19,10,1,0,0
p18,69036,0,0,0,20,10,0,0,0
p18,69037,0,0,0,20,11,0,0,0
p18,69052,0,0,0,20,12,0,0,0
p18,69077,0,0,0,20,13,0,0,0
p18,69600,30,10,0,20,13,0,30,0
p18,69602,30,10,0,0,1,20,10,6
p18,69603,30,10,1,0,1,20,9,5
p18,69604,30,10,4,0,1,20,6,1
p18,69605,30,10,5,0,1,20,5,0
p18,69607,30,10,5,0,1,20,5,3
p18,69609,30,10,7,0,1,20,3,1
p18,69610,30,10,8,0,1,20,2,0
p18,69612,30,10,8,0,1,20,2,1
p18,69615,30,10,9,0,1,20,1,0
p18,69617,30,10,9,0,1,20,1,1
p18,69619,30,10,10,0,1,20,0,0
p18,70201,30,10,9,0,1,20,1,0
p18,70202,10,0,9,20,1,0,1,0
p18,70203,9,0,8,19,1,1,0,0
p18,70204,6,0,4,19,1,1,1,0
p18,70205,6,0,2,19,1,1,3,0
p18,70206,6,0,0,19,1,1,5,0
p18,70208,5,0,0,15,4,5,0,0
p18,70212,2,0,0,18,4,2,0,0
p18,70213,2,0,0,18,5,2,0,0
p18,70216,1,0,0,19,5,1,0,0
p18,70223,0,0,0,20,5,0,0,0
p18,70238,0,0,0,20,6,0,0,0
p18,70243,0,0,0,20,7,0,0,0
p18,70800,30,10,0,20,7,0,30,0
p18,70803,30,10,0,0,1,20,10,8
p18,70805,30,10,2,0,1,20,8,5
p18,70806,30,10,4,0,1,20,6,1
p18,70807,30,10,5,0,1,20,5,0
p18,70808,30,10,5,0,1,20,5,2
p18,70811,30,10,5,0,1,20,5,1
p18,70812,30,10,6,0,1,20,4,0
p18,70813,30,10,6,0,1,20,4,3
p18,70815,30,10,7,0,1,20,3,2
p18,70816,30,10,9,0,1,20,1,0
p18,70818,30,10,9,0,1,20,1,0
p18,70823,30,10,9,0,1,20,1,1
p18,70826,30,10,9,0,1,20,1,0
p18,70828,30,10,9,0,1,20,1,1
p18,70833,30,10,9,0,1,20,1,1
p18,70837,30,10,10,0,1,20,0,0
p18,71401,30,10,6,0,1,20,4,0
p18,71402,30,10,4,0,1,20,6,0
p18,71403,17,0,1,13,1,7,9,0
p18,71404,10,0,1,11,3,9,0,0
p18,71405,9,0,0,11,3,9,0,0
p18,71408,7,0,0,13,3,7,0,0
p18,71409,5,0,0,15,5,5,0,0
p18,71413,4,0,0,16,5,4,0,0
p18,71414,4,0,0,16,8,4,0,0
p18,71418,2,0,0,18,8,2,0,0
p18,71419,1,0,0,19,10,1,0,0
p18,71429,1,0,0,19,11,1,0,0
p18,71437,0,0,0,20,11,0,0,0
p18,71444,0,0,0,20,13,0,0,0
p18,71519,0,0,0,20,14,0,0,0
p18,72000,30,10,0,20,14,0,30,0
p18,72004,30,10,0,9,9,11,19,0
p18,72005,30,10,0,0,1,20,10,9
p18,72006,30,10,1,0,1,20,9,7
p18,72007,30,10,1,0,1,20,9,6
p18,72008,30,10,3,0,1,20,7,4
p18,72010,30,10,4,0,1,20,6,5
p18,72011,30,10,4,0,1,20,6,4
p18,72013,30,10,4,0,1,20,6,2
p18,72015,30,10,5,0,1,20,5,1
p18,72016,30,10,5,0,1,20,5,3
p18,72018,30,10,6,0,1,20,4,1
p18,72020,30,10,6,0,1,20,4,0
p18,72021,30,10,6,0,1,20,4,0
p18,72026,30,10,6,0,1,20,4,2
p18,72028,30,10,7,0,1,20,3,1
p18,72029,30,10,8,0,1,20,2,0
p18,72031,30,10,8,0,1,20,2,2
p18,72033,30,10,8,0,1,20,2,1
p18,72034,30,10,9,0,1,20,1,0
p18,72036,30,10,9,0,1,20,1,0
p18,72041,30,10,9,0,1,20,1,0
p18,72046,30,10,10,0,1,20,0,0
p18,72601,30,10,8,0,1,20,2,1
p18,72602,30,10,9,0,1,20,1,0
p18,72603,30,10,7,0,1,20,3,0
p18,72604,19,0,4,11,1,9,6,0
p18,72605,10,0,3,20,1,0,7,0
p18,72606,10,0,1,11,1,9,0,0
p18,72607,9,0,0,11,1,9,0,0
p18,72610,8,0,0,12,1,8,0,0
p18,72611,6,0,0,14,2,6,0,0
p18,72616,5,0,0,15,3,5,0,0
p18,72621,4,0,0,16,4,4,0,0
p18,72626,4,0,0,16,5,4,0,0
p18,72631,2,0,0,18,5,2,0,0
p18,72635,1,0,0,19,5,1,0,0
p18,72646,1,0,0,19,6,1,0,0
p18,72651,0,0,0,20,6,0,0,0
p18,73200,30,10,0,20,6,0,30,0
p18,73201,30,10,0,5,5,15,15,0
p18,73202,30,10,1,0,1,20,9,6
p18,73205,30,10,2,0,1,20,8,3
p18,73207,30,10,4,0,1,20,6,5
p18,73208,30,10,4,0,1,20,6,4
p18,73209,30,10,4,0,1,20,6,2
p18,73212,30,10,5,0,1,20,5,4
p18,73213,30,10,6,0,1,20,4,3
p18,73214,30,10,6,0,1,20,4,2
p18,73216,30,10,7,0,1,20,3,1
p18,73217,30,10,8,0,1,20,2,2
p18,73221,30,10,9,0,1,20,1,0
p18,73222,30,10,9,0,1,20,1,0
p18,73227,30,10,9,0,1,20,1,1
p18,73231,30,10,9,0,1,20,1,0
p18,73232,30,10,9,0,1,20,1,1
p18,73237,30,10,10,0,1,20,0,0
p18,73801,14,0,7,16,1,4,3,0
p18,73802,9,0,5,20,1,0,4,0
p18,73803,9,0,3,15,1,5,1,0
p18,73804,9,0,0,15,1,5,4,0
p18,73807,8,0,0,16,1,4,4,0
p18,73808,8,0,0,12,4,8,0,0
p18,73811,7,0,0,13,4,7,0,0
p18,73812,5,0,0,15,4,5,0,0
p18,73813,5,0,0,15,7,5,0,0
p18,73817,4,0,0,16,7,4,0,0
p18,73818,3,0,0,17,7,3,0,0
p18,73821,2,0,0,18,7,2,0,0
p18,73823,1,0,0,19,7,1,0,0
p18,73828,1,0,0,19,8,1,0,0
p18,73837,0,0,0,20,8,0,0,0
p18,73843,0,0,0,20,9,0,0,0
p18,74400,30,10,0,20,9,0,30,0
p18,74403,30,10,0,0,1,20,10,6
p18,74404,30,10,0,0,1,20,10,4
p18,74406,30,10,3,0,1,20,7,0
p18,74408,30,10,3,0,1,20,7,2
p18,74410,30,10,4,0,1,20,6,1
p18,74411,30,10,5,0,1,20,5,0
p18,74413,30,10,5,0,1,20,5,4
p18,74415,30,10,6,0,1,20,4,2
p18,74416,30,10,6,0,1,20,4,1
p18,74417,30,10,6,0,1,20,4,0
p18,74418,30,10,6,0,1,20,4,3
p18,74420,30,10,7,0,1,20,3,2
p18,74421,30,10,8,0,1,20,2,0
p18,74423,30,10,8,0,1,20,2,2
p18,74426,30,10,9,0,1,20,1,0
p18,74428,30,10,9,0,1,20,1,0
p18,74433,30,10,9,0,1,20,1,1
p18,74434,30,10,9,0,1,20,1,0
p18,74438,30,10,9,0,1,20,1,0
p18,74443,30,10,9,0,1,20,1,0
p18,74448,30,10,9,0,1,20,1,1
p18,74451,30,10,9,0,1,20,1,0
p18,74453,30,10,9,0,1,20,1,1
p18,74455,30,10,9,0,1,20,1,0
p18,74458,30,10,9,0,1,20,1,1
p18,74460,30,10,10,0,1,20,0,0
p18,75000,30,10,9,0,1,20,1,0
p18,75001,30,10,8,0,1,20,2,0
p18,75002,30,10,2,0,1,20,8,0
p18,75003,10,0,1,18,1,2,7,0
p18,75004,10,0,1,11,6,9,0,0
p18,75006,10,0,0,11,6,9,1,0
p18,75007,9,0,0,12,6,8,1,0
p18,75008,7,0,0,14,6,6,1,0
p18,75009,7,0,0,13,6,7,0,0
p18,75013,5,0,0,15,6,5,0,0
p18,75014,5,0,0,15,9,5,0,0
p18,75018,4,0,0,16,9,4,0,0
p18,75022,3,0,0,17,9,3,0,0
p18,75023,2,0,0,18,9,2,0,0
p18,75024,2,0,0,18,10,2,0,0
p18,75027,1,0,0,19,10,1,0,0
p18,75063,0,0,0,20,10,0,0,0
p18,75600,30,10,0,20,10,0,30,0
p18,75604,30,10,0,0,1,20,10,6
p18,75605,30,10,0,0,1,20,10,6
p18,75607,30,10,1,0,1,20,9,5
p18,75608,30,10,3,0,1,20,7,2
p18,75609,30,10,4,0,1,20,6,1
p18,75610,30,10,4,0,1,20,6,3
p18,75612,30,10,7,0,1,20,3,0
p18,75615,30,10,7,0,1,20,3,1
p18,75618,30,10,7,0,1,20,3,0
p18,75620,30,10,7,0,1,20,3,2
p18,75624,30,10,9,0,1,20,1,0
p18,75625,30,10,9,0,1,20,1,0
p18,75630,30,10,9,0,1,20,1,0
p18,75635,30,10,9,0,1,20,1,0
p18,75640,30,10,9,0,1,20,1,1
p18,75642,30,10,10,0,1,20,0,0
p18,76202,30,10,9,0,1,20,1,0
p18,76203,30,10,3,0,1,20,7,0
p18,76204,14,0,1,16,1,4,9,0
p18,76205,10,0,0,10,4,10,0,0
p18,76210,6,0,0,14,7,6,0,0
p18,76215,3,0,0,17,7,3,0,0
p18,76220,3,0,0,17,8,3,0,0
p18,76224,2,0,0,18,8,2,0,0
p18,76225,1,0,0,19,8,1,0,0
p18,76230,1,0,0,19,9,1,0,0
p18,76245,0,0,0,20,9,0,0,0
p18,76800,30,10,0,7,8,13,17,0
p18,76801,30,10,0,0,1,20,10,7
p18,76803,30,10,1,0,1,20,9,6
p18,76804,30,10,1,0,1,20,9,5
p18,76805,30,10,1,0,1,20,9,4
p18,76806,30,10,4,0,1,20,6,4
p18,76808,30,10,5,0,1,20,5,3
p18,76809,30,10,6,0,1,20,4,2
p18,76811,30,10,8,0,1,20,2,2
p18,76812,30,10,9,0,1,20,1,1
p18,76815,30,10,9,0,1,20,1,0
p18,76816,30,10,9,0,1,20,1,0
p18,76821,30,10,9,0,1,20,1,0
p18,76826,30,10,9,0,1,20,1,1
p18,76831,30,10,10,0,1,20,0,0
p18,77400,17,0,10,13,1,7,0,0
p18,77401,10,0,8,20,1,0,2,0
p18,77402,10,0,4,17,2,3,3,0
p18,77403,9,0,2,17,2,3,4,0
p18,77404,9,0,1,17,2,3,5,0
p18,77405,9,0,0,17,2,3,6,0
p18,77407,8,0,0,12,2,8,0,0
p18,77411,3,0,0,17,2,3,0,0
p18,77412,2,0,0,18,2,2,0,0
p18,77415,1,0,0,19,2,1,0,0
p18,77417,1,0,0,19,3,1,0,0
p18,77422,1,0,0,19,4,1,0,0
p18,77436,0,0,0,20,4,0,0,0
p18,77442,0,0,0,20,5,0,0,0
p18,77467,0,0,0,20,6,0,0,0
p18,78000,30,10,0,20,6,0,30,0
p18,78002,30,10,0,0,1,20,10,8
p18,78003,30,10,1,0,1,20,9,7
p18,78004,30,10,2,0,1,20,8,6
p18,78005,30,10,4,0,1,20,6,4
p18,78007,30,10,5,0,1,20,5,5
p18,78008,30,10,5,0,1,20,5,4
p18,78009,30,10,7,0,1,20,3,1
p18,78010,30,10,8,0,1,20,2,0
p18,78012,30,10,8,0,1,20,2,1
p18,78014,30,10,9,0,1,20,1,0
p18,78017,30,10,9,0,1,20,1,0
p18,78022,30,10,9,0,1,20,1,1
p18,78024,30,10,10,0,1,20,0,0
p18,78602,10,0,9,20,1,0,1,0
p18,78603,9,0,8,19,1,1,0,0
p18,78604,8,0,6,19,1,1,1,0
p18,78605,6,0,1,19,1,1,4,0
p18,78606,6,0,0,19,1,1,5,0
p18,78607,5,0,0,20,1,0,5,0
p18,78608,5,0,0,15,1,5,0,0
p18,78612,2,0,0,18,1,2,0,0
p18,78613,2,0,0,18,2,2,0,0
p18,78617,1,0,0,19,2,1,0,0
p18,78618,1,0,0,19,3,1,0,0
p18,78627,0,0,0,20,3,0,0,0
p18,79200,30,10,0,20,3,0,30,0
p18,79203,30,10,0,0,1,20,10,8
p18,79204,30,10,0,0,1,20,10,6
p18,79206,30,10,3,0,1,20,7,3
p18,79207,30,10,5,0,1,20,5,1
p18,79208,30,10,5,0,1,20,5,1
p18,79211,30,10,6,0,1,20,4,0
p18,79213,30,10,6,0,1,20,4,2
p18,79215,30,10,6,0,1,20,4,1
p18,79216,30,10,7,0,1,20,3,0
p18,79218,30,10,8,0,1,20,2,0
p18,79223,30,10,8,0,1,20,2,1
p18,79227,30,10,9,0,1,20,1,0
p18,79228,30,10,9,0,1,20,1,1
p18,79230,30,10,9,0,1,20,1,0
p18,79233,30,10,9,0,1,20,1,0
p18,79238,30,10,9,0,1,20,1,1
p18,79239,30,10,10,0,1,20,0,0
p18,79801,30,10,8,0,1,20,2,0
p18,79802,30,10,2,0,1,20,8,0
p18,79803,10,0,2,20,1,0,8,0
p18,79804,10,0,0,12,4,8,2,0
p18,79808,5,0,0,17,4,3,2,0
p18,79809,5,0,0,15,9,5,0,0
p18,79813,4,0,0,16,9,4,0,0
p18,79814,4,0,0,16,9,4,0,0
p18,79818,3,0,0,17,9,3,0,0
p18,79819,3,0,0,17,10,3,0,0
p18,79823,2,0,0,18,10,2,0,0
p18,79829,1,0,0,19,10,1,0,0
p18,79844,0,0,0,20,10,0,0,0
p18,80400,30,10,0,20,10,0,30,0
p18,80404,30,10,0,0,1,20,10,3
p18,80405,30,10,3,0,1,20,7,6
p18,80406,30,10,4,0,1,20,6,5
p18,80408,30,10,5,0,1,20,5,4
p18,80409,30,10,7,0,1,20,3,2
p18,80410,30,10,8,0,1,20,2,1
p18,80413,30,10,9,0,1,20,1,0
p18,80415,30,10,9,0,1,20,1,1
p18,80416,30,10,10,0,1,20,0,0
p18,81000,30,10,7,0,1,20,3,0
p18,81001,30,10,6,0,1,20,4,0
p18,81002,30,10,5,0,1,20,5,0
p18,81004,10,0,1,20,1,0,9,0
p18,81005,10,0,1,11,4,9,0,0
p18,81006,10,0,0,11,4,9,1,0
p18,81010,3,0,0,17,7,3,0,0
p18,81014,2,0,0,18,7,2,0,0
p18,81015,1,0,0,19,8,1,0,0
p18,81020,0,0,0,20,9,0,0,0
p18,81025,0,0,0,20,10,0,0,0
p18,81035,0,0,0,20,11,0,0,0
p18,81050,0,0,0,20,12,0,0,0
p18,81600,30,10,0,20,12,0,30,0
p18,81605,30,10,0,0,1,20,10,6
p18,81606,30,10,2,0,1,20,8,3
p18,81608,30,10,3,0,1,20,7,1
p18,81609,30,10,3,0,1,20,7,0
p18,81610,30,10,3,0,1,20,7,3
p18,81611,30,10,6,0,1,20,4,3
p18,81612,30,10,7,0,1,20,3,2
p18,81613,30,10,8,0,1,20,2,1
p18,81615,30,10,9,0,1,20,1,0
p18,81616,30,10,9,0,1,20,1,1
p18,81619,30,10,9,0,1,20,1,0
p18,81621,30,10,9,0,1,20,1,1
p18,81625,30,10,10,0,1,20,0,0
p18,82201,30,10,9,0,1,20,1,1
p18,82202,30,10,7,0,1,20,3,1
p18,82203,30,10,3,0,1,20,7,1
p18,82204,30,10,1,0,1,20,9,0
p18,82205,10,0,0,20,1,0,10,0
p18,82206,10,0,0,10,9,10,0,0
p18,82210,7,0,0,13,9,7,0,0
p18,82211,7,0,0,13,10,7,0,0
p18,82215,2,0,0,18,10,2,0,0
p18,82221,1,0,0,19,10,1,0,0
p18,82226,0,0,0,20,11,0,0,0
p18,82236,0,0,0,20,12,0,0,0
p18,82246,0,0,0,20,14,0,0,0
p18,82800,30,10,0,20,14,0,30,0
p18,82801,30,10,0,0,1,20,10,6
p18,82802,30,10,1,0,1,20,9,5
p18,82804,30,10,4,0,1,20,6,2
p18,82805,30,10,5,0,1,20,5,0
p18,82806,30,10,5,0,1,20,5,3
p18,82809,30,10,6,0,1,20,4,2
p18,82810,30,10,6,0,1,20,4,1
p18,82811,30,10,6,0,1,20,4,3
p18,82812,30,10,6,0,1,20,4,2
p18,82814,30,10,7,0,1,20,3,1
p18,82816,30,10,8,0,1,20,2,1
p18,82819,30,10,9,0,1,20,1,0
p18,82821,30,10,9,0,1,20,1,0
p18,82826,30,10,9,0,1,20,1,1
p18,82829,30,10,9,0,1,20,1,0
p18,82831,30,10,9,0,1,20,1,1
p18,82833,30,10,10,0,1,20,0,0
p18,83401,10,0,9,19,2,1,0,0
p18,83402,9,0,8,19,2,1,0,0
p18,83403,9,0,7,19,2,1,1,0
p18,83404,6,0,3,19,2,1,2,0
p18,83405,5,0,1,19,2,1,3,0
p18,83406,5,0,0,15,5,5,0,0
p18,83411,4,0,0,16,5,4,0,0
p18,83415,3,0,0,17,5,3,0,0
p18,83416,2,0,0,18,7,2,0,0
p18,83421,1,0,0,19,8,1,0,0
p18,83426,1,0,0,19,11,1,0,0
p18,83431,1,0,0,19,12,1,0,0
p18,83436,0,0,0,20,13,0,0,0
p18,84000,30,10,0,20,13,0,30,0
p18,84002,30,10,0,8,9,12,18,0
p18,84003,30,10,0,0,1,20,10,7
p18,84004,30,10,2,0,1,20,8,5
p18,84005,30,10,3,0,1,20,7,3
p18,84007,30,10,5,0,1,20,5,5
p18,84008,30,10,5,0,1,20,5,4
p18,84010,30,10,5,0,1,20,5,3
p18,84011,30,10,6,0,1,20,4,2
p18,84012,30,10,8,0,1,20,2,2
p18,84013,30,10,8,0,1,20,2,1
p18,84015,30,10,9,0,1,20,1,0
p18,84017,30,10,9,0,1,20,1,1
p18,84018,30,10,9,0,1,20,1,0
p18,84022,30,10,9,0,1,20,1,0
p18,84027,30,10,9,0,1,20,1,1
p18,84029,30,10,9,0,1,20,1,0
p18,84032,30,10,9,0,1,20,1,1
p18,84036,30,10,10,0,1,20,0,0
p18,84600,30,10,9,0,1,20,1,0
p18,84601,30,10,8,0,1,20,2,0
p18,84602,24,4,8,6,1,14,2,0
p18,84603,10,0,4,15,3,5,1,0
p18,84604,8,0,1,15,3,5,2,0
p18,84605,7,0,0,15,3,5,2,0
p18,84608,6,0,0,14,9,6,0,0
p18,84612,4,0,0,16,9,4,0,0
p18,84613,3,0,0,17,10,3,0,0
p18,84616,2,0,0,18,10,2,0,0
p18,84617,1,0,0,19,10,1,0,0
p18,84618,1,0,0,19,11,1,0,0
p18,84628,1,0,0,19,12,1,0,0
p18,84637,0,0,0,20,12,0,0,0
p18,84663,0,0,0,20,13,0,0,0
p18,85200,30,10,0,20,13,0,30,0
p18,85203,30,10,0,2,3,18,12,0
p18,85204,30,10,0,0,1,20,10,5
p18,85205,30,10,1,0,1,20,9,3
p18,85206,30,10,2,0,1,20,8,2
p18,85208,30,10,4,0,1,20,6,0
p18,85209,30,10,4,0,1,20,6,5
p18,85210,30,10,4,0,1,20,6,4
p18,85211,30,10,5,0,1,20,5,2
p18,85214,30,10,6,0,1,20,4,2
p18,85215,30,10,6,0,1,20,4,1
p18,85216,30,10,7,0,1,20,3,0
p18,85219,30,10,7,0,1,20,3,2
p18,85220,30,10,8,0,1,20,2,1
p18,85221,30,10,8,0,1,20,2,0
p18,85224,30,10,8,0,1,20,2,2
p18,85225,30,10,9,0,1,20,1,0
p18,85229,30,10,9,0,1,20,1,1
p18,85234,30,10,10,0,1,20,0,0
p18,85801,30,10,4,0,1,20,6,0
p18,85803,12,0,2,18,1,2,8,0
p18,85804,10,0,0,11,2,9,1,0
p18,85809,6,0,0,14,3,6,0,0
p18,85814,5,0,0,15,6,5,0,0
p18,85819,3,0,0,17,6,3,0,0
p18,85824,2,0,0,18,6,2,0,0
p18,85829,1,0,0,19,7,1,0,0
p18,85834,0,0,0,20,7,0,0,0
p18,86402,0,0,0,0,0,0,0,0
