id,t,dTot,dFed,rFed,oFed,sFed,unat
p4,0,0,0,0,20,0,0
p4,5,30,10,0,1,0,0
p4,6,30,10,1,0,0,9
p4,7,30,10,2,0,0,8
p4,10,30,10,3,0,0,7
p4,11,30,10,4,0,0,6
p4,12,30,10,4,0,0,1
p4,16,30,10,4,0,0,6
p4,17,30,10,4,0,0,1
p4,21,30,10,5,0,0,5
p4,22,30,10,6,0,0,1
p4,25,30,10,7,0,0,0
p4,26,30,10,7,0,0,3
p4,27,30,10,7,0,0,0
p4,31,30,10,7,0,0,2
p4,32,30,10,7,0,0,1
p4,36,30,10,8,0,0,0
p4,37,30,10,8,0,0,1
p4,41,30,10,9,0,0,0
p4,42,30,10,9,0,0,1
p4,47,30,10,10,0,0,0
p4,60,30,10,10,0,0,0
p4,120,30,10,10,0,0,0
p4,180,30,10,10,0,0,0
p4,240,30,10,10,0,0,0
p4,300,30,10,10,0,0,0
p4,360,30,10,10,0,0,0
p4,420,30,10,10,0,0,0
p4,480,30,10,10,0,0,0
p4,540,30,10,10,0,0,0
p4,600,28,8,10,2,0,0
p4,601,28,8,7,2,0,0
p4,602,28,8,2,0,0,1
p4,603,28,8,0,0,0,0
p4,605,12,0,0,16,0,0
p4,606,10,0,0,18,0,0
p4,607,10,0,0,10,2,0
p4,611,8,0,0,12,2,0
p4,616,6,0,0,14,2,0
p4,621,5,0,0,15,2,0
p4,625,4,0,0,16,2,0
p4,626,3,0,0,17,2,0
p4,641,2,0,0,18,2,0
p4,646,1,0,0,19,2,0
p4,650,0,0,0,20,2,0
p4,660,0,0,0,20,2,0
p4,720,0,0,0,20,2,0
p4,780,0,0,0,20,2,0
p4,840,0,0,0,20,2,0
p4,900,0,0,0,20,2,0
p4,960,0,0,0,20,2,0
p4,1020,0,0,0,20,2,0
p4,1080,0,0,0,20,2,0
p4,1140,0,0,0,20,2,0
p4,1200,30,10,0,20,2,0
p4,1202,30,10,0,0,0,9
p4,1203,30,10,3,0,0,6
p4,1204,30,10,6,0,0,3
p4,1205,30,10,6,0,0,1
p4,1207,30,10,6,0,0,4
p4,1208,30,10,6,0,0,3
p4,1209,30,10,6,0,0,1
p4,1212,30,10,6,0,0,4
p4,1213,30,10,8,0,0,2
p4,1214,30,10,9,0,0,1
p4,1215,30,10,10,0,0,0
p4,1260,30,10,10,0,0,0
p4,1320,30,10,10,0,0,0
p4,1380,30,10,10,0,0,0
p4,1440,30,10,10,0,0,0
p4,1500,30,10,10,0,0,0
p4,1560,30,10,10,0,0,0
p4,1620,30,10,10,0,0,0
p4,1680,30,10,10,0,0,0
p4,1740,30,10,10,0,0,0
p4,1800,30,10,10,0,0,0
p4,1802,10,0,10,20,0,0
p4,1803,7,0,6,20,0,0
p4,1804,4,0,2,20,0,0
p4,1805,4,0,0,20,0,0
p4,1808,4,0,0,16,1,0
p4,1813,4,0,0,16,3,0
p4,1817,0,0,0,20,3,0
p4,1828,0,0,0,20,4,0
p4,1860,0,0,0,20,4,0
p4,1920,0,0,0,20,4,0
p4,1980,0,0,0,20,4,0
p4,2040,0,0,0,20,4,0
p4,2100,0,0,0,20,4,0
p4,2160,0,0,0,20,4,0
p4,2220,0,0,0,20,4,0
p4,2280,0,0,0,20,4,0
p4,2340,0,0,0,20,4,0
p4,2400,30,10,0,20,4,0
p4,2403,30,10,1,0,0,9
p4,2404,30,10,3,0,0,7
p4,2405,30,10,4,0,0,6
p4,2406,30,10,7,0,0,2
p4,2408,30,10,7,0,0,2
p4,2410,30,10,7,0,0,1
p4,2413,30,10,9,0,0,1
p4,2416,30,10,10,0,0,0
p4,2460,30,10,10,0,0,0
p4,2520,30,10,10,0,0,0
p4,2580,30,10,10,0,0,0
p4,2640,30,10,10,0,0,0
p4,2700,30,10,10,0,0,0
p4,2760,30,10,10,0,0,0
p4,2820,30,10,10,0,0,0
p4,2880,30,10,10,0,0,0
p4,2940,30,10,10,0,0,0
p4,3000,30,10,10,0,0,0
p4,3001,30,10,7,0,0,0
p4,3002,30,10,5,0,0,0
p4,3003,9,0,3,14,5,0
p4,3004,7,0,0,14,5,0
p4,3007,5,0,0,16,5,0
p4,3008,3,0,0,17,6,0
p4,3013,2,0,0,18,6,0
p4,3018,0,0,0,20,6,0
p4,3060,0,0,0,20,6,0
p4,3120,0,0,0,20,6,0
p4,3180,0,0,0,20,6,0
p4,3240,0,0,0,20,6,0
p4,3300,0,0,0,20,6,0
p4,3360,0,0,0,20,6,0
p4,3420,0,0,0,20,6,0
p4,3480,0,0,0,20,6,0
p4,3540,0,0,0,20,6,0
p4,3600,30,10,0,20,6,0
p4,3603,30,10,0,0,0,1
p4,3604,30,10,1,0,0,9
p4,3605,30,10,1,0,0,8
p4,3607,30,10,2,0,0,7
p4,3608,30,10,7,0,0,1
p4,3609,30,10,7,0,0,1
p4,3610,30,10,8,0,0,0
p4,3614,30,10,8,0,0,2
p4,3615,30,10,9,0,0,1
p4,3616,30,10,9,0,0,0
p4,3619,30,10,9,0,0,1
p4,3620,30,10,10,0,0,0
p4,3660,30,10,10,0,0,0
p4,3720,30,10,10,0,0,0
p4,3780,30,10,10,0,0,0
p4,3840,30,10,10,0,0,0
p4,3900,30,10,10,0,0,0
p4,3960,30,10,10,0,0,0
p4,4020,30,10,10,0,0,0
p4,4080,30,10,10,0,0,0
p4,4140,30,10,10,0,0,0
p4,4200,30,10,10,0,0,0
p4,4202,30,10,9,0,0,0
p4,4203,22,2,7,8,0,0
p4,4204,10,0,4,14,1,0
p4,4205,9,0,1,14,1,0
p4,4206,9,0,0,14,1,0
p4,4209,3,0,0,17,4,0
p4,4214,2,0,0,18,6,0
p4,4219,1,0,0,19,6,0
p4,4224,0,0,0,20,6,0
p4,4260,0,0,0,20,6,0
p4,4320,0,0,0,20,6,0
p4,4380,0,0,0,20,6,0
p4,4440,0,0,0,20,6,0
p4,4500,0,0,0,20,6,0
p4,4560,0,0,0,20,6,0
p4,4620,0,0,0,20,6,0
p4,4680,0,0,0,20,6,0
p4,4740,0,0,0,20,6,0
p4,4800,30,10,0,20,6,0
p4,4804,30,10,0,14,5,0
p4,4805,30,10,1,0,0,9
p4,4806,30,10,3,0,0,6
p4,4807,30,10,3,0,0,4
p4,4808,30,10,4,0,0,3
p4,4809,30,10,5,0,0,1
p4,4810,30,10,5,0,0,5
p4,4811,30,10,8,0,0,1
p4,4814,30,10,9,0,0,0
p4,4815,30,10,9,0,0,1
p4,4817,30,10,9,0,0,0
p4,4820,30,10,9,0,0,1
p4,4821,30,10,9,0,0,0
p4,4825,30,10,9,0,0,1
p4,4827,30,10,9,0,0,0
p4,4830,30,10,9,0,0,1
p4,4835,30,10,10,0,0,0
p4,4860,30,10,10,0,0,0
p4,4920,30,10,10,0,0,0
p4,4980,30,10,10,0,0,0
p4,5040,30,10,10,0,0,0
p4,5100,30,10,10,0,0,0
p4,5160,30,10,10,0,0,0
p4,5220,30,10,10,0,0,0
p4,5280,30,10,10,0,0,0
p4,5340,30,10,10,0,0,0
p4,5400,30,10,10,0,0,0
p4,5401,30,10,9,0,0,0
p4,5402,30,10,5,0,0,0
p4,5403,30,10,3,0,0,0
p4,5404,28,8,1,2,0,0
p4,5405,10,0,0,11,2,0
p4,5409,9,0,0,12,2,0
p4,5410,5,0,0,15,3,0
p4,5415,1,0,0,19,3,0
p4,5425,1,0,0,19,4,0
p4,5440,0,0,0,20,4,0
p4,5460,0,0,0,20,4,0
p4,5520,0,0,0,20,4,0
p4,5580,0,0,0,20,4,0
p4,5640,0,0,0,20,4,0
p4,5700,0,0,0,20,4,0
p4,5760,0,0,0,20,4,0
p4,5820,0,0,0,20,4,0
p4,5880,0,0,0,20,4,0
p4,5940,0,0,0,20,4,0
p4,6000,30,10,0,6,4,0
p4,6001,30,10,2,0,0,8
p4,6003,30,10,4,0,0,4
p4,6004,30,10,5,0,0,3
p4,6005,30,10,6,0,0,1
p4,6006,30,10,7,0,0,2
p4,6008,30,10,9,0,0,0
p4,6011,30,10,9,0,0,1
p4,6013,30,10,9,0,0,0
p4,6016,30,10,9,0,0,1
p4,6018,30,10,10,0,0,0
p4,6060,30,10,10,0,0,0
p4,6120,30,10,10,0,0,0
p4,6180,30,10,10,0,0,0
p4,6240,30,10,10,0,0,0
p4,6300,30,10,10,0,0,0
p4,6360,30,10,10,0,0,0
p4,6420,30,10,10,0,0,0
p4,6480,30,10,10,0,0,0
p4,6540,30,10,10,0,0,0
p4,6600,17,0,10,13,0,0
p4,6601,8,0,7,19,0,0
p4,6603,6,0,5,19,0,0
p4,6604,5,0,1,19,0,0
p4,6605,4,0,0,19,0,0
p4,6606,3,0,0,17,1,0
p4,6611,1,0,0,19,1,0
p4,6621,0,0,0,20,2,0
p4,6660,0,0,0,20,2,0
p4,6720,0,0,0,20,2,0
p4,6780,0,0,0,20,2,0
p4,6840,0,0,0,20,2,0
p4,6900,0,0,0,20,2,0
p4,6960,0,0,0,20,2,0
p4,7020,0,0,0,20,2,0
p4,7080,0,0,0,20,2,0
p4,7140,0,0,0,20,2,0
p4,7200,30,10,0,20,2,0
p4,7201,30,10,0,0,0,10
p4,7202,30,10,2,0,0,8
p4,7204,30,10,3,0,0,5
p4,7205,30,10,7,0,0,0
p4,7206,30,10,7,0,0,3
p4,7207,30,10,8,0,0,2
p4,7210,30,10,9,0,0,1
p4,7211,30,10,9,0,0,1
p4,7216,30,10,9,0,0,1
p4,7220,30,10,10,0,0,0
p4,7260,30,10,10,0,0,0
p4,7320,30,10,10,0,0,0
p4,7380,30,10,10,0,0,0
p4,7440,30,10,10,0,0,0
p4,7500,30,10,10,0,0,0
p4,7560,30,10,10,0,0,0
p4,7620,30,10,10,0,0,0
p4,7680,30,10,10,0,0,0
p4,7740,30,10,10,0,0,0
p4,7800,30,10,10,0,0,0
p4,7801,10,0,9,19,1,0
p4,7802,8,0,6,19,1,0
p4,7804,7,0,5,19,1,0
p4,7805,4,0,0,19,1,0
p4,7806,3,0,0,17,2,0
p4,7811,1,0,0,19,2,0
p4,7821,0,0,0,20,3,0
p4,7860,0,0,0,20,3,0
p4,7920,0,0,0,20,3,0
p4,7980,0,0,0,20,3,0
p4,8040,0,0,0,20,3,0
p4,8100,0,0,0,20,3,0
p4,8160,0,0,0,20,3,0
p4,8220,0,0,0,20,3,0
p4,8280,0,0,0,20,3,0
p4,8340,0,0,0,20,3,0
p4,8400,30,10,0,20,3,0
p4,8401,30,10,0,19,2,0
p4,8402,30,10,0,0,0,10
p4,8403,30,10,0,0,0,8
p4,8404,30,10,1,0,0,7
p4,8406,30,10,5,0,0,3
p4,8407,30,10,5,0,0,3
p4,8408,30,10,5,0,0,5
p4,8411,30,10,8,0,0,2
p4,8412,30,10,8,0,0,0
p4,8413,30,10,9,0,0,1
p4,8414,30,10,10,0,0,0
p4,8460,30,10,10,0,0,0
p4,8520,30,10,10,0,0,0
p4,8580,30,10,10,0,0,0
p4,8640,30,10,10,0,0,0
p4,8700,30,10,10,0,0,0
p4,8760,30,10,10,0,0,0
p4,8820,30,10,10,0,0,0
p4,8880,30,10,10,0,0,0
p4,8940,30,10,10,0,0,0
p4,9000,30,10,10,0,0,0
p4,9001,30,10,4,0,0,0
p4,9002,10,0,3,20,0,0
p4,9003,10,0,2,13,2,0
p4,9004,9,0,0,13,2,0
p4,9007,8,0,0,14,2,0
p4,9008,5,0,0,15,3,0
p4,9013,2,0,0,18,4,0
p4,9017,1,0,0,19,4,0
p4,9018,0,0,0,20,4,0
p4,9060,0,0,0,20,4,0
p4,9120,0,0,0,20,4,0
p4,9180,0,0,0,20,4,0
p4,9240,0,0,0,20,4,0
p4,9300,0,0,0,20,4,0
p4,9360,0,0,0,20,4,0
p4,9420,0,0,0,20,4,0
p4,9480,0,0,0,20,4,0
p4,9540,0,0,0,20,4,0
p4,9600,30,10,0,20,4,0
p4,9603,30,10,0,0,0,9
p4,9604,30,10,2,0,0,7
p4,9605,30,10,3,0,0,6
p4,9608,30,10,7,0,0,1
p4,9609,30,10,7,0,0,3
p4,9610,30,10,7,0,0,2
p4,9612,30,10,8,0,0,1
p4,9613,30,10,9,0,0,0
p4,9614,30,10,9,0,0,1
p4,9618,30,10,10,0,0,0
p4,9660,30,10,10,0,0,0
p4,9720,30,10,10,0,0,0
p4,9780,30,10,10,0,0,0
p4,9840,30,10,10,0,0,0
p4,9900,30,10,10,0,0,0
p4,9960,30,10,10,0,0,0
p4,10020,30,10,10,0,0,0
p4,10080,30,10,10,0,0,0
p4,10140,30,10,10,0,0,0
p4,10200,30,10,10,0,0,0
p4,10202,30,10,9,0,0,0
p4,10203,10,0,5,20,0,0
p4,10204,10,0,3,15,0,0
p4,10205,7,0,0,15,0,0
p4,10208,3,0,0,19,0,0
p4,10209,3,0,0,17,2,0
p4,10214,2,0,0,18,4,0
p4,10218,1,0,0,19,4,0
p4,10219,1,0,0,19,5,0
p4,10223,0,0,0,20,5,0
p4,10260,0,0,0,20,5,0
p4,10320,0,0,0,20,5,0
p4,10380,0,0,0,20,5,0
p4,10440,0,0,0,20,5,0
p4,10500,0,0,0,20,5,0
p4,10560,0,0,0,20,5,0
p4,10620,0,0,0,20,5,0
p4,10680,0,0,0,20,5,0
p4,10740,0,0,0,20,5,0
p4,10800,30,10,0,20,5,0
p4,10804,30,10,1,0,0,9
p4,10805,30,10,2,0,0,8
p4,10807,30,10,6,0,0,2
p4,10808,30,10,6,0,0,0
p4,10809,30,10,6,0,0,3
p4,10811,30,10,7,0,0,1
p4,10812,30,10,6,0,0,0
p4,10814,30,10,6,0,0,4
p4,10818,30,10,7,0,0,2
p4,10819,30,10,9,0,0,1
p4,10820,30,10,10,0,0,0
p4,10860,30,10,10,0,0,0
p4,10920,30,10,10,0,0,0
p4,10980,30,10,10,0,0,0
p4,11040,30,10,10,0,0,0
p4,11100,30,10,10,0,0,0
p4,11160,30,10,10,0,0,0
p4,11220,30,10,10,0,0,0
p4,11280,30,10,10,0,0,0
p4,11340,30,10,10,0,0,0
p4,11400,30,10,10,0,0,0
p4,11401,30,10,8,0,0,0
p4,11402,30,10,6,0,0,0
p4,11403,30,10,4,0,0,0
p4,11404,10,0,2,12,3,0
p4,11405,9,0,0,12,3,0
p4,11408,8,0,0,13,3,0
p4,11409,6,0,0,14,3,0
p4,11413,5,0,0,15,3,0
p4,11414,2,0,0,18,3,0
p4,11419,1,0,0,19,3,0
p4,11424,0,0,0,20,3,0
p4,11460,0,0,0,20,3,0
p4,11520,0,0,0,20,3,0
p4,11580,0,0,0,20,3,0
p4,11640,0,0,0,20,3,0
p4,11700,0,0,0,20,3,0
p4,11760,0,0,0,20,3,0
p4,11820,0,0,0,20,3,0
p4,11880,0,0,0,20,3,0
p4,11940,0,0,0,20,3,0
p4,12000,30,10,0,20,3,0
p4,12004,30,10,0,1,0,0
p4,12005,30,10,0,0,0,10
p4,12006,30,10,2,0,0,7
p4,12008,30,10,3,0,0,6
p4,12009,30,10,7,0,0,2
p4,12010,30,10,7,0,0,2
p4,12011,30,10,7,0,0,1
p4,12013,30,10,8,0,0,0
p4,12015,30,10,8,0,0,1
p4,12019,30,10,9,0,0,0
p4,12020,30,10,9,0,0,1
p4,12021,30,10,10,0,0,0
p4,12060,30,10,10,0,0,0
p4,12120,30,10,10,0,0,0
p4,12180,30,10,10,0,0,0
p4,12240,30,10,10,0,0,0
p4,12300,30,10,10,0,0,0
p4,12360,30,10,10,0,0,0
p4,12420,30,10,10,0,0,0
p4,12480,30,10,10,0,0,0
p4,12540,30,10,10,0,0,0
p4,12600,30,10,10,0,0,0
p4,12601,30,10,8,0,0,0
p4,12602,30,10,7,0,0,0
p4,12603,30,10,5,0,0,0
p4,12604,13,0,3,17,0,0
p4,12605,10,0,0,10,4,0
p4,12610,3,0,0,17,7,0
p4,12615,2,0,0,18,7,0
p4,12620,1,0,0,19,7,0
p4,12625,0,0,0,20,7,0
p4,12635,0,0,0,20,8,0
p4,12660,0,0,0,20,8,0
p4,12720,0,0,0,20,8,0
p4,12780,0,0,0,20,8,0
p4,12840,0,0,0,20,8,0
p4,12900,0,0,0,20,8,0
p4,12960,0,0,0,20,8,0
p4,13020,0,0,0,20,8,0
p4,13080,0,0,0,20,8,0
p4,13140,0,0,0,20,8,0
p4,13200,30,10,0,6,5,0
p4,13201,30,10,0,0,0,7
p4,13202,30,10,2,0,0,7
p4,13203,30,10,3,0,0,6
p4,13205,30,10,4,0,0,4
p4,13207,30,10,4,0,0,1
p4,13210,30,10,5,0,0,0
p4,13212,30,10,5,0,0,5
p4,13213,30,10,7,0,0,2
p4,13215,30,10,8,0,0,0
p4,13217,30,10,8,0,0,2
p4,13220,30,10,8,0,0,1
p4,13222,30,10,9,0,0,1
p4,13223,30,10,9,0,0,0
p4,13227,30,10,10,0,0,0
p4,13260,30,10,10,0,0,0
p4,13320,30,10,10,0,0,0
p4,13380,30,10,10,0,0,0
p4,13440,30,10,10,0,0,0
p4,13500,30,10,10,0,0,0
p4,13560,30,10,10,0,0,0
p4,13620,30,10,10,0,0,0
p4,13680,30,10,10,0,0,0
p4,13740,30,10,10,0,0,0
p4,13800,20,0,10,10,0,0
p4,13801,10,0,9,20,0,0
p4,13802,9,0,6,18,3,0
p4,13803,7,0,3,18,3,0
p4,13804,7,0,2,18,3,0
p4,13805,6,0,0,18,3,0
p4,13807,6,0,0,14,6,0
p4,13812,5,0,0,15,6,0
p4,13817,2,0,0,18,8,0
p4,13822,1,0,0,19,8,0
p4,13832,0,0,0,20,8,0
p4,13860,0,0,0,20,8,0
p4,13920,0,0,0,20,8,0
p4,13980,0,0,0,20,8,0
p4,14040,0,0,0,20,8,0
p4,14100,0,0,0,20,8,0
p4,14160,0,0,0,20,8,0
p4,14220,0,0,0,20,8,0
p4,14280,0,0,0,20,8,0
p4,14340,0,0,0,20,8,0
p4,14400,30,10,0,20,8,0
p4,14402,30,10,0,0,0,10
p4,14404,30,10,2,0,0,8
p4,14405,30,10,3,0,0,6
p4,14406,30,10,7,0,0,2
p4,14407,30,10,8,0,0,2
p4,14410,30,10,9,0,0,1
p4,14411,30,10,10,0,0,0
p4,14460,30,10,10,0,0,0
p4,14520,30,10,10,0,0,0
p4,14580,30,10,10,0,0,0
p4,14640,30,10,10,0,0,0
p4,14700,30,10,10,0,0,0
p4,14760,30,10,10,0,0,0
p4,14820,30,10,10,0,0,0
p4,14880,30,10,10,0,0,0
p4,14940,30,10,10,0,0,0
p4,15000,30,10,9,0,0,0
p4,15001,30,10,4,0,0,0
p4,15002,10,0,3,16,0,0
p4,15003,10,0,3,13,0,0
p4,15004,8,0,1,13,0,0
p4,15005,8,0,0,13,0,0
p4,15007,2,0,0,19,0,0
p4,15008,2,0,0,18,4,0
p4,15012,0,0,0,20,4,0
p4,15060,0,0,0,20,4,0
p4,15120,0,0,0,20,4,0
p4,15180,0,0,0,20,4,0
p4,15240,0,0,0,20,4,0
p4,15300,0,0,0,20,4,0
p4,15360,0,0,0,20,4,0
p4,15420,0,0,0,20,4,0
p4,15480,0,0,0,20,4,0
p4,15540,0,0,0,20,4,0
p4,15600,30,10,0,20,4,0
p4,15603,30,10,0,0,0,10
p4,15604,30,10,1,0,0,9
p4,15605,30,10,2,0,0,6
p4,15606,30,10,5,0,0,3
p4,15607,30,10,7,0,0,1
p4,15608,30,10,7,0,0,3
p4,15610,30,10,8,0,0,2
p4,15611,30,10,9,0,0,1
p4,15613,30,10,10,0,0,0
p4,15660,30,10,10,0,0,0
p4,15720,30,10,10,0,0,0
p4,15780,30,10,10,0,0,0
p4,15840,30,10,10,0,0,0
p4,15900,30,10,10,0,0,0
p4,15960,30,10,10,0,0,0
p4,16020,30,10,10,0,0,0
p4,16080,30,10,10,0,0,0
p4,16140,30,10,10,0,0,0
p4,16200,30,10,9,0,0,0
p4,16201,30,10,8,0,0,0
p4,16202,30,10,4,0,0,0
p4,16203,10,0,3,17,0,0
p4,16204,9,0,1,13,1,0
p4,16205,8,0,0,13,1,0
p4,16208,3,0,0,18,1,0
p4,16209,3,0,0,17,3,0
p4,16213,1,0,0,19,3,0
p4,16214,1,0,0,19,5,0
p4,16218,0,0,0,20,5,0
p4,16219,0,0,0,20,6,0
p4,16260,0,0,0,20,6,0
p4,16320,0,0,0,20,6,0
p4,16380,0,0,0,20,6,0
p4,16440,0,0,0,20,6,0
p4,16500,0,0,0,20,6,0
p4,16560,0,0,0,20,6,0
p4,16620,0,0,0,20,6,0
p4,16680,0,0,0,20,6,0
p4,16740,0,0,0,20,6,0
p4,16800,30,10,0,20,6,0
p4,16804,30,10,1,0,0,5
p4,16805,30,10,1,0,0,9
p4,16808,30,10,3,0,0,7
p4,16809,30,10,6,0,0,4
p4,16810,30,10,6,0,0,3
p4,16815,30,10,6,0,0,3
p4,16816,30,10,8,0,0,1
p4,16820,30,10,9,0,0,1
p4,16822,30,10,10,0,0,0
p4,16860,30,10,10,0,0,0
p4,16920,30,10,10,0,0,0
p4,16980,30,10,10,0,0,0
p4,17040,30,10,10,0,0,0
p4,17100,30,10,10,0,0,0
p4,17160,30,10,10,0,0,0
p4,17220,30,10,10,0,0,0
p4,17280,30,10,10,0,0,0
p4,17340,30,10,10,0,0,0
p4,17400,30,10,10,0,0,0
p4,17401,30,10,8,0,0,0
p4,17402,30,10,7,0,0,0
p4,17403,30,10,5,0,0,0
p4,17404,9,0,4,20,0,0
p4,17405,9,0,0,15,3,0
p4,17410,7,0,0,13,3,0
p4,17414,4,0,0,16,3,0
p4,17420,2,0,0,18,4,0
p4,17424,1,0,0,19,4,0
p4,17425,0,0,0,20,4,0
p4,17460,0,0,0,20,4,0
p4,17520,0,0,0,20,4,0
p4,17580,0,0,0,20,4,0
p4,17640,0,0,0,20,4,0
p4,17700,0,0,0,20,4,0
p4,17760,0,0,0,20,4,0
p4,17820,0,0,0,20,4,0
p4,17880,0,0,0,20,4,0
p4,17940,0,0,0,20,4,0
p4,18000,30,10,0,20,4,0
p4,18005,30,10,2,0,0,8
p4,18006,30,10,5,0,0,5
p4,18007,30,10,6,0,0,4
p4,18008,30,10,6,0,0,3
p4,18009,30,10,8,0,0,0
p4,18010,30,10,8,0,0,2
p4,18011,30,10,9,0,0,1
p4,18012,30,10,10,0,0,0
p4,18060,30,10,10,0,0,0
p4,18120,30,10,10,0,0,0
p4,18180,30,10,10,0,0,0
p4,18240,30,10,10,0,0,0
p4,18300,30,10,10,0,0,0
p4,18360,30,10,10,0,0,0
p4,18420,30,10,10,0,0,0
p4,18480,30,10,10,0,0,0
p4,18540,30,10,10,0,0,0
p4,18600,30,10,8,0,0,0
p4,18601,30,10,5,0,0,0
p4,18602,30,10,3,0,0,0
p4,18603,30,10,2,0,0,0
p4,18604,30,10,1,0,0,0
p4,18605,10,0,0,10,3,0
p4,18609,9,0,0,11,3,0
p4,18610,6,0,0,14,3,0
p4,18615,0,0,0,20,5,0
p4,18620,0,0,0,20,6,0
p4,18660,0,0,0,20,6,0
p4,18720,0,0,0,20,6,0
p4,18780,0,0,0,20,6,0
p4,18840,0,0,0,20,6,0
p4,18900,0,0,0,20,6,0
p4,18960,0,0,0,20,6,0
p4,19020,0,0,0,20,6,0
p4,19080,0,0,0,20,6,0
p4,19140,0,0,0,20,6,0
p4,19200,30,10,0,20,6,0
p4,19202,30,10,2,0,0,8
p4,19203,30,10,3,0,0,7
p4,19204,30,10,6,0,0,4
p4,19205,30,10,9,0,0,1
p4,19207,30,10,9,0,0,0
p4,19211,30,10,9,0,0,1
p4,19215,30,10,9,0,0,0
p4,19216,30,10,9,0,0,1
p4,19217,30,10,10,0,0,0
p4,19260,30,10,10,0,0,0
p4,19320,30,10,10,0,0,0
p4,19380,30,10,10,0,0,0
p4,19440,30,10,10,0,0,0
p4,19500,30,10,10,0,0,0
p4,19560,30,10,10,0,0,0
p4,19620,30,10,10,0,0,0
p4,19680,30,10,10,0,0,0
p4,19740,30,10,10,0,0,0
p4,19800,10,0,9,20,0,0
p4,19801,10,0,8,18,0,0
p4,19802,8,0,5,18,0,0
p4,19803,7,0,4,18,0,0
p4,19804,4,0,1,18,0,0
p4,19805,3,0,0,18,0,0
p4,19806,1,0,0,19,3,0
p4,19811,1,0,0,19,4,0
p4,19821,0,0,0,20,4,0
p4,19860,0,0,0,20,4,0
p4,19920,0,0,0,20,4,0
p4,19980,0,0,0,20,4,0
p4,20040,0,0,0,20,4,0
p4,20100,0,0,0,20,4,0
p4,20160,0,0,0,20,4,0
p4,20220,0,0,0,20,4,0
p4,20280,0,0,0,20,4,0
p4,20340,0,0,0,20,4,0
p4,20400,30,10,0,20,4,0
p4,20401,30,10,0,0,0,5
p4,20402,30,10,0,0,0,10
p4,20403,30,10,3,0,0,7
p4,20405,30,10,6,0,0,4
p4,20406,30,10,8,0,0,2
p4,20407,30,10,8,0,0,1
p4,20408,30,10,8,0,0,0
p4,20412,30,10,8,0,0,1
p4,20417,30,10,9,0,0,1
p4,20422,30,10,10,0,0,0
p4,20460,30,10,10,0,0,0
p4,20520,30,10,10,0,0,0
p4,20580,30,10,10,0,0,0
p4,20640,30,10,10,0,0,0
p4,20700,30,10,10,0,0,0
p4,20760,30,10,10,0,0,0
p4,20820,30,10,10,0,0,0
p4,20880,30,10,10,0,0,0
p4,20940,30,10,10,0,0,0
p4,21000,30,10,9,0,0,0
p4,21001,10,0,5,20,0,0
p4,21002,10,0,3,13,1,0
p4,21003,7,0,0,13,1,0
p4,21007,2,0,0,18,3,0
p4,21012,2,0,0,18,6,0
p4,21017,1,0,0,19,6,0
p4,21022,0,0,0,20,6,0
p4,21060,0,0,0,20,6,0
p4,21120,0,0,0,20,6,0
p4,21180,0,0,0,20,6,0
p4,21240,0,0,0,20,6,0
p4,21300,0,0,0,20,6,0
p4,21360,0,0,0,20,6,0
p4,21420,0,0,0,20,6,0
p4,21480,0,0,0,20,6,0
p4,21540,0,0,0,20,6,0
p4,21600,30,10,0,20,6,0
p4,21602,30,10,0,1,0,0
p4,21603,30,10,2,0,0,8
p4,21604,30,10,4,0,0,6
p4,21605,30,10,5,0,0,4
p4,21607,30,10,5,0,0,2
p4,21608,30,10,7,0,0,3
p4,21609,30,10,8,0,0,2
p4,21610,30,10,8,0,0,1
p4,21612,30,10,9,0,0,0
p4,21613,30,10,10,0,0,0
p4,21660,30,10,10,0,0,0
p4,21720,30,10,10,0,0,0
p4,21780,30,10,10,0,0,0
p4,21840,30,10,10,0,0,0
p4,21900,30,10,10,0,0,0
p4,21960,30,10,10,0,0,0
p4,22020,30,10,10,0,0,0
p4,22080,30,10,10,0,0,0
p4,22140,30,10,10,0,0,0
p4,22200,30,10,10,0,0,0
p4,22201,30,10,9,0,0,0
p4,22202,11,0,8,19,0,0
p4,22203,8,0,3,16,0,0
p4,22204,7,0,2,16,0,0
p4,22205,6,0,0,16,0,0
p4,22208,3,0,0,17,6,0
p4,22212,2,0,0,18,6,0
p4,22213,1,0,0,19,6,0
p4,22217,0,0,0,20,6,0
p4,22218,0,0,0,20,7,0
p4,22260,0,0,0,20,7,0
p4,22320,0,0,0,20,7,0
p4,22380,0,0,0,20,7,0
p4,22440,0,0,0,20,7,0
p4,22500,0,0,0,20,7,0
p4,22560,0,0,0,20,7,0
p4,22620,0,0,0,20,7,0
p4,22680,0,0,0,20,7,0
p4,22740,0,0,0,20,7,0
p4,22800,30,10,0,20,7,0
p4,22803,30,10,0,0,0,10
p4,22804,30,10,2,0,0,8
p4,22805,30,10,4,0,0,5
p4,22806,30,10,5,0,0,3
p4,22807,30,10,5,0,0,0
p4,22808,30,10,5,0,0,5
p4,22810,30,10,6,0,0,4
p4,22811,30,10,8,0,0,2
p4,22813,30,10,10,0,0,0
p4,22860,30,10,10,0,0,0
p4,22920,30,10,10,0,0,0
p4,22980,30,10,10,0,0,0
p4,23040,30,10,10,0,0,0
p4,23100,30,10,10,0,0,0
p4,23160,30,10,10,0,0,0
p4,23220,30,10,10,0,0,0
p4,23280,30,10,10,0,0,0
p4,23340,30,10,10,0,0,0
p4,23400,30,10,10,0,0,0
p4,23401,30,10,7,0,0,0
p4,23402,30,10,5,0,0,0
p4,23403,10,0,3,13,3,0
p4,23404,8,0,1,13,3,0
p4,23405,8,0,0,13,3,0
p4,23407,7,0,0,14,3,0
p4,23408,5,0,0,15,6,0
p4,23412,4,0,0,16,6,0
p4,23413,0,0,0,20,7,0
p4,23460,0,0,0,20,7,0
p4,23520,0,0,0,20,7,0
p4,23580,0,0,0,20,7,0
p4,23640,0,0,0,20,7,0
p4,23700,0,0,0,20,7,0
p4,23760,0,0,0,20,7,0
p4,23820,0,0,0,20,7,0
p4,23880,0,0,0,20,7,0
p4,23940,0,0,0,20,7,0
p4,24000,30,10,0,20,7,0
p4,24003,30,10,0,19,6,0
p4,24004,30,10,0,0,0,10
p4,24005,30,10,1,0,0,9
p4,24006,30,10,1,0,0,8
p4,24007,30,10,1,0,0,7
p4,24008,30,10,5,0,0,3
p4,24009,30,10,5,0,0,5
p4,24010,30,10,5,0,0,2
p4,24012,30,10,6,0,0,1
p4,24014,30,10,6,0,0,4
p4,24015,30,10,7,0,0,2
p4,24016,30,10,7,0,0,1
p4,24019,30,10,7,0,0,3
p4,24020,30,10,7,0,0,2
p4,24023,30,10,9,0,0,0
p4,24024,30,10,9,0,0,1
p4,24025,30,10,10,0,0,0
p4,24060,30,10,10,0,0,0
p4,24120,30,10,10,0,0,0
p4,24180,30,10,10,0,0,0
p4,24240,30,10,10,0,0,0
p4,24300,30,10,10,0,0,0
p4,24360,30,10,10,0,0,0
p4,24420,30,10,10,0,0,0
p4,24480,30,10,10,0,0,0
p4,24540,30,10,10,0,0,0
p4,24600,30,10,10,0,0,0
p4,24601,30,10,7,0,0,0
p4,24603,29,9,2,1,0,0
p4,24604,10,0,1,20,0,0
p4,24605,10,0,0,10,1,0
p4,24609,6,0,0,14,1,0
p4,24610,5,0,0,15,1,0
p4,24614,4,0,0,16,1,0
p4,24615,4,0,0,16,2,0
p4,24619,3,0,0,17,2,0
p4,24624,2,0,0,18,2,0
p4,24625,1,0,0,19,2,0
p4,24629,0,0,0,20,2,0
p4,24660,0,0,0,20,2,0
p4,24720,0,0,0,20,2,0
p4,24780,0,0,0,20,2,0
p4,24840,0,0,0,20,2,0
p4,24900,0,0,0,20,2,0
p4,24960,0,0,0,20,2,0
p4,25020,0,0,0,20,2,0
p4,25080,0,0,0,20,2,0
p4,25140,0,0,0,20,2,0
p4,25200,30,10,0,20,2,0
p4,25205,30,10,0,0,0,0
p4,25206,30,10,0,0,0,10
p4,25207,30,10,0,0,0,9
p4,25209,30,10,3,0,0,6
p4,25210,30,10,4,0,0,5
p4,25211,30,10,6,0,0,1
p4,25216,30,10,7,0,0,3
p4,25217,30,10,7,0,0,1
p4,25221,30,10,7,0,0,3
p4,25223,30,10,8,0,0,2
p4,25224,30,10,8,0,0,1
p4,25225,30,10,9,0,0,0
p4,25226,30,10,9,0,0,1
p4,25229,30,10,10,0,0,0
p4,25260,30,10,10,0,0,0
p4,25320,30,10,10,0,0,0
p4,25380,30,10,10,0,0,0
p4,25440,30,10,10,0,0,0
p4,25500,30,10,10,0,0,0
p4,25560,30,10,10,0,0,0
p4,25620,30,10,10,0,0,0
p4,25680,30,10,10,0,0,0
p4,25740,30,10,10,0,0,0
p4,25800,30,10,10,0,0,0
p4,25801,30,10,6,0,0,0
p4,25802,30,10,6,0,0,4
p4,25803,30,10,5,0,0,4
p4,25804,30,10,1,0,0,3
p4,25805,10,0,0,20,0,2
p4,25807,10,0,1,12,2,0
p4,25811,9,0,1,13,2,0
p4,25812,6,0,1,15,4,0
p4,25816,4,0,0,16,4,0
p4,25817,4,0,0,16,3,0
p4,25822,3,0,0,17,3,0
p4,25827,2,0,0,18,3,0
p4,25832,1,0,0,19,3,0
p4,25837,0,0,0,20,3,0
p4,25860,0,0,0,20,3,0
p4,25920,0,0,0,20,3,0
p4,25926,0,0,0,20,2,0
p4,25980,0,0,0,20,2,0
p4,26040,0,0,0,20,2,0
p4,26100,0,0,0,20,2,0
p4,26160,0,0,0,20,2,0
p4,26220,0,0,0,20,2,0
p4,26280,0,0,0,20,2,0
p4,26340,0,0,0,20,2,0
p4,26400,30,10,0,20,2,0
p4,26402,30,10,0,0,0,3
p4,26403,30,10,1,0,0,9
p4,26404,30,10,2,0,0,8
p4,26405,30,10,3,0,0,7
p4,26406,30,10,5,0,0,5
p4,26408,30,10,5,0,0,3
p4,26409,30,10,5,0,0,0
p4,26413,30,10,5,0,0,5
p4,26414,30,10,5,0,0,3
p4,26416,30,10,7,0,0,1
p4,26417,30,10,8,0,0,0
p4,26418,30,10,8,0,0,2
p4,26419,30,10,8,0,0,0
p4,26423,30,10,9,0,0,1
p4,26425,30,10,10,0,0,0
p4,26460,30,10,10,0,0,0
p4,26520,30,10,10,0,0,0
p4,26580,30,10,10,0,0,0
p4,26640,30,10,10,0,0,0
p4,26700,30,10,10,0,0,0
p4,26760,30,10,10,0,0,0
p4,26820,30,10,10,0,0,0
p4,26880,30,10,10,0,0,0
p4,26940,30,10,10,0,0,0
p4,27000,30,10,8,0,0,0
p4,27001,30,10,4,0,0,0
p4,27002,10,0,3,20,0,0
p4,27003,9,0,2,13,0,0
p4,27004,8,0,0,13,0,0
p4,27008,5,0,0,15,3,0
p4,27013,5,0,0,15,4,0
p4,27018,2,0,0,18,4,0
p4,27028,0,0,0,20,4,0
p4,27060,0,0,0,20,4,0
p4,27120,0,0,0,20,4,0
p4,27180,0,0,0,20,4,0
p4,27240,0,0,0,20,4,0
p4,27300,0,0,0,20,4,0
p4,27360,0,0,0,20,4,0
p4,27420,0,0,0,20,4,0
p4,27480,0,0,0,20,4,0
p4,27540,0,0,0,20,4,0
p4,27600,30,10,0,20,4,0
p4,27603,30,10,0,0,0,0
p4,27604,30,10,2,0,0,7
p4,27605,30,10,3,0,0,6
p4,27606,30,10,9,0,0,0
p4,27609,30,10,9,0,0,1
p4,27611,30,10,10,0,0,0
p4,27660,30,10,10,0,0,0
p4,27720,30,10,10,0,0,0
p4,27780,30,10,10,0,0,0
p4,27840,30,10,10,0,0,0
p4,27900,30,10,10,0,0,0
p4,27960,30,10,10,0,0,0
p4,28020,30,10,10,0,0,0
p4,28080,30,10,10,0,0,0
p4,28140,30,10,10,0,0,0
p4,28200,30,10,9,0,0,0
p4,28201,30,10,6,0,0,0
p4,28202,30,10,2,0,0,0
p4,28203,11,0,2,19,0,0
p4,28204,8,0,0,12,2,0
p4,28208,3,0,0,17,2,0
p4,28209,1,0,0,19,2,0
p4,28214,0,0,0,20,3,0
p4,28260,0,0,0,20,3,0
p4,28320,0,0,0,20,3,0
p4,28380,0,0,0,20,3,0
p4,28440,0,0,0,20,3,0
p4,28500,0,0,0,20,3,0
p4,28560,0,0,0,20,3,0
p4,28620,0,0,0,20,3,0
p4,28680,0,0,0,20,3,0
p4,28740,0,0,0,20,3,0
p4,28800,30,10,0,20,3,0
p4,28804,30,10,0,0,0,10
p4,28806,30,10,3,0,0,7
p4,28809,30,10,6,0,0,3
p4,28811,30,10,7,0,0,1
p4,28812,30,10,8,0,0,0
p4,28814,30,10,8,0,0,2
p4,28819,30,10,9,0,0,1
p4,28821,30,10,10,0,0,0
p4,28860,30,10,10,0,0,0
p4,28920,30,10,10,0,0,0
p4,28980,30,10,10,0,0,0
p4,29040,30,10,10,0,0,0
p4,29100,30,10,10,0,0,0
p4,29160,30,10,10,0,0,0
p4,29220,30,10,10,0,0,0
p4,29280,30,10,10,0,0,0
p4,29340,30,10,10,0,0,0
p4,29400,30,10,10,0,0,0
p4,29401,30,10,5,0,0,0
p4,29402,30,10,4,0,0,0
p4,29404,10,0,3,20,0,0
p4,29405,10,0,0,13,3,0
p4,29409,9,0,0,14,3,0
p4,29410,6,0,0,14,3,0
p4,29414,4,0,0,16,3,0
p4,29415,2,0,0,18,4,0
p4,29424,1,0,0,19,4,0
p4,29425,0,0,0,20,4,0
p4,29460,0,0,0,20,4,0
p4,29520,0,0,0,20,4,0
p4,29580,0,0,0,20,4,0
p4,29640,0,0,0,20,4,0
p4,29700,0,0,0,20,4,0
p4,29760,0,0,0,20,4,0
p4,29820,0,0,0,20,4,0
p4,29880,0,0,0,20,4,0
p4,29940,0,0,0,20,4,0
p4,30000,30,10,0,3,2,0
p4,30001,30,10,0,0,0,6
p4,30002,30,10,0,0,0,5
p4,30004,30,10,1,0,0,2
p4,30006,30,10,5,0,0,4
p4,30007,30,10,6,0,0,3
p4,30009,30,10,7,0,0,2
p4,30011,30,10,9,0,0,1
p4,30014,30,10,10,0,0,0
p4,30060,30,10,10,0,0,0
p4,30120,30,10,10,0,0,0
p4,30180,30,10,10,0,0,0
p4,30240,30,10,10,0,0,0
p4,30300,30,10,10,0,0,0
p4,30360,30,10,10,0,0,0
p4,30420,30,10,10,0,0,0
p4,30480,30,10,10,0,0,0
p4,30540,30,10,10,0,0,0
p4,30600,17,0,10,13,0,0
p4,30601,10,0,6,18,0,0
p4,30602,10,0,4,18,0,0
p4,30603,10,0,3,18,0,0
p4,30604,9,0,2,18,0,0
p4,30605,9,0,0,18,0,0
p4,30606,8,0,0,12,4,0
p4,30610,6,0,0,14,4,0
p4,30611,2,0,0,18,4,0
p4,30615,1,0,0,19,4,0
p4,30616,0,0,0,20,5,0
p4,30660,0,0,0,20,5,0
p4,30720,0,0,0,20,5,0
p4,30780,0,0,0,20,5,0
p4,30840,0,0,0,20,5,0
p4,30900,0,0,0,20,5,0
p4,30960,0,0,0,20,5,0
p4,31020,0,0,0,20,5,0
p4,31080,0,0,0,20,5,0
p4,31140,0,0,0,20,5,0
p4,31200,30,10,0,20,5,0
p4,31201,30,10,0,0,0,10
p4,31203,30,10,5,0,0,4
p4,31204,30,10,9,0,0,0
p4,31206,30,10,9,0,0,1
p4,31210,30,10,10,0,0,0
p4,31260,30,10,10,0,0,0
p4,31320,30,10,10,0,0,0
p4,31380,30,10,10,0,0,0
p4,31440,30,10,10,0,0,0
p4,31500,30,10,10,0,0,0
p4,31560,30,10,10,0,0,0
p4,31620,30,10,10,0,0,0
p4,31680,30,10,10,0,0,0
p4,31740,30,10,10,0,0,0
p4,31800,30,10,9,0,0,0
p4,31801,10,0,9,20,0,0
p4,31802,10,0,9,19,0,0
p4,31803,5,0,4,19,0,0
p4,31804,1,0,0,19,0,0
p4,31807,1,0,0,19,5,0
p4,31812,0,0,0,20,7,0
p4,31860,0,0,0,20,7,0
p4,31920,0,0,0,20,7,0
p4,31980,0,0,0,20,7,0
p4,32040,0,0,0,20,7,0
p4,32100,0,0,0,20,7,0
p4,32160,0,0,0,20,7,0
p4,32220,0,0,0,20,7,0
p4,32280,0,0,0,20,7,0
p4,32340,0,0,0,20,7,0
p4,32400,30,10,0,20,7,0
p4,32402,30,10,0,0,0,10
p4,32403,30,10,0,0,0,8
p4,32404,30,10,0,0,0,7
p4,32405,30,10,1,0,0,6
p4,32406,30,10,7,0,0,0
p4,32407,30,10,8,0,0,2
p4,32411,30,10,10,0,0,0
p4,32460,30,10,10,0,0,0
p4,32520,30,10,10,0,0,0
p4,32580,30,10,10,0,0,0
p4,32640,30,10,10,0,0,0
p4,32700,30,10,10,0,0,0
p4,32760,30,10,10,0,0,0
p4,32820,30,10,10,0,0,0
p4,32880,30,10,10,0,0,0
p4,32940,30,10,10,0,0,0
p4,33000,30,10,10,0,0,0
p4,33001,30,10,8,0,0,0
p4,33002,10,0,1,12,3,0
p4,33003,10,0,0,12,3,0
p4,33006,9,0,0,13,3,0
p4,33007,4,0,0,16,5,0
p4,33011,3,0,0,17,5,0
p4,33012,0,0,0,20,7,0
p4,33060,0,0,0,20,7,0
p4,33120,0,0,0,20,7,0
p4,33180,0,0,0,20,7,0
p4,33240,0,0,0,20,7,0
p4,33300,0,0,0,20,7,0
p4,33360,0,0,0,20,7,0
p4,33420,0,0,0,20,7,0
p4,33480,0,0,0,20,7,0
p4,33540,0,0,0,20,7,0
p4,33600,30,10,0,20,7,0
p4,33602,30,10,0,20,4,0
p4,33603,30,10,2,0,0,7
p4,33604,30,10,3,0,0,6
p4,33605,30,10,5,0,0,3
p4,33606,30,10,5,0,0,2
p4,33607,30,10,5,0,0,1
p4,33608,30,10,6,0,0,4
p4,33609,30,10,6,0,0,3
p4,33610,30,10,7,0,0,2
p4,33613,30,10,9,0,0,1
p4,33618,30,10,10,0,0,0
p4,33660,30,10,10,0,0,0
p4,33720,30,10,10,0,0,0
p4,33780,30,10,10,0,0,0
p4,33840,30,10,10,0,0,0
p4,33900,30,10,10,0,0,0
p4,33960,30,10,10,0,0,0
p4,34020,30,10,10,0,0,0
p4,34080,30,10,10,0,0,0
p4,34140,30,10,10,0,0,0
p4,34200,30,10,10,0,0,0
p4,34203,8,0,5,17,1,0
p4,34204,8,0,4,17,1,0
p4,34205,5,0,0,17,1,0
p4,34208,4,0,0,16,7,0
p4,34213,2,0,0,18,7,0
p4,34218,0,0,0,20,8,0
p4,34260,0,0,0,20,8,0
p4,34320,0,0,0,20,8,0
p4,34380,0,0,0,20,8,0
p4,34440,0,0,0,20,8,0
p4,34500,0,0,0,20,8,0
p4,34560,0,0,0,20,8,0
p4,34620,0,0,0,20,8,0
p4,34680,0,0,0,20,8,0
p4,34740,0,0,0,20,8,0
p4,34800,30,10,0,20,8,0
p4,34803,30,10,0,7,6,0
p4,34804,30,10,0,0,0,10
p4,34805,30,10,3,0,0,7
p4,34806,30,10,4,0,0,4
p4,34808,30,10,4,0,0,3
p4,34809,30,10,5,0,0,3
p4,34810,30,10,5,0,0,1
p4,34811,30,10,6,0,0,0
p4,34814,30,10,6,0,0,4
p4,34815,30,10,9,0,0,1
p4,34816,30,10,9,0,0,0
p4,34819,30,10,9,0,0,1
p4,34821,30,10,10,0,0,0
p4,34860,30,10,10,0,0,0
p4,34920,30,10,10,0,0,0
p4,34980,30,10,10,0,0,0
p4,35040,30,10,10,0,0,0
p4,35100,30,10,10,0,0,0
p4,35160,30,10,10,0,0,0
p4,35220,30,10,10,0,0,0
p4,35280,30,10,10,0,0,0
p4,35340,30,10,10,0,0,0
p4,35400,30,10,9,0,0,0
p4,35401,30,10,4,0,0,0
p4,35403,17,0,3,13,0,0
p4,35404,10,0,2,20,0,0
p4,35405,9,0,0,12,3,0
p4,35409,6,0,0,15,3,0
p4,35410,5,0,0,15,3,0
p4,35414,4,0,0,16,3,0
p4,35419,2,0,0,18,3,0
p4,35420,1,0,0,19,3,0
p4,35423,0,0,0,20,3,0
p4,35425,0,0,0,20,4,0
p4,35430,0,0,0,20,5,0
p4,35460,0,0,0,20,5,0
p4,35520,0,0,0,20,5,0
p4,35580,0,0,0,20,5,0
p4,35640,0,0,0,20,5,0
p4,35700,0,0,0,20,5,0
p4,35760,0,0,0,20,5,0
p4,35820,0,0,0,20,5,0
p4,35880,0,0,0,20,5,0
p4,35940,0,0,0,20,5,0
p4,36000,30,10,0,20,5,0
p4,36005,30,10,0,0,0,10
p4,36006,30,10,1,0,0,7
p4,36007,30,10,2,0,0,6
p4,36008,30,10,5,0,0,2
p4,36010,30,10,7,0,0,3
p4,36011,30,10,7,0,0,2
p4,36013,30,10,8,0,0,0
p4,36015,30,10,8,0,0,2
p4,36016,30,10,8,0,0,0
p4,36020,30,10,8,0,0,2
p4,36021,30,10,9,0,0,1
p4,36024,30,10,9,0,0,0
p4,36025,30,10,9,0,0,1
p4,36026,30,10,9,0,0,0
p4,36030,30,10,9,0,0,1
p4,36031,30,10,9,0,0,0
p4,36035,30,10,9,0,0,1
p4,36036,30,10,9,0,0,0
p4,36040,30,10,9,0,0,1
p4,36042,30,10,10,0,0,0
p4,36060,30,10,10,0,0,0
p4,36120,30,10,10,0,0,0
p4,36180,30,10,10,0,0,0
p4,36240,30,10,10,0,0,0
p4,36300,30,10,10,0,0,0
p4,36360,30,10,10,0,0,0
p4,36420,30,10,10,0,0,0
p4,36480,30,10,10,0,0,0
p4,36540,30,10,10,0,0,0
p4,36600,30,10,10,0,0,0
p4,36601,30,10,8,0,0,0
p4,36602,30,10,7,0,0,0
p4,36603,30,10,5,0,0,0
p4,36604,30,10,2,0,0,0
p4,36605,10,0,0,10,6,0
p4,36610,3,0,0,17,6,0
p4,36615,2,0,0,18,7,0
p4,36620,2,0,0,18,6,0
p4,36625,1,0,0,19,7,0
p4,36645,0,0,0,20,7,0
p4,36660,0,0,0,20,7,0
p4,36720,0,0,0,20,7,0
p4,36780,0,0,0,20,7,0
p4,36840,0,0,0,20,7,0
p4,36900,0,0,0,20,7,0
p4,36960,0,0,0,20,7,0
p4,37020,0,0,0,20,7,0
p4,37080,0,0,0,20,7,0
p4,37140,0,0,0,20,7,0
p4,37200,30,10,0,5,5,0
p4,37201,30,10,1,0,0,9
p4,37202,30,10,2,0,0,6
p4,37203,30,10,3,0,0,5
p4,37204,30,10,4,0,0,4
p4,37205,30,10,8,0,0,0
p4,37206,30,10,8,0,0,2
p4,37207,30,10,8,0,0,1
p4,37210,30,10,9,0,0,0
p4,37211,30,10,9,0,0,1
p4,37215,30,10,10,0,0,0
p4,37260,30,10,10,0,0,0
p4,37320,30,10,10,0,0,0
p4,37380,30,10,10,0,0,0
p4,37440,30,10,10,0,0,0
p4,37500,30,10,10,0,0,0
p4,37560,30,10,10,0,0,0
p4,37620,30,10,10,0,0,0
p4,37680,30,10,10,0,0,0
p4,37740,30,10,10,0,0,0
p4,37800,29,9,10,1,0,0
p4,37801,9,0,5,17,0,0
p4,37802,8,0,3,17,0,0
p4,37803,7,0,2,17,0,0
p4,37804,6,0,1,17,0,0
p4,37805,5,0,0,18,0,0
p4,37806,4,0,0,16,4,0
p4,37810,3,0,0,17,4,0
p4,37811,1,0,0,19,5,0
p4,37816,0,0,0,20,5,0
p4,37821,0,0,0,20,6,0
p4,37860,0,0,0,20,6,0
p4,37920,0,0,0,20,6,0
p4,37980,0,0,0,20,6,0
p4,38040,0,0,0,20,6,0
p4,38100,0,0,0,20,6,0
p4,38160,0,0,0,20,6,0
p4,38220,0,0,0,20,6,0
p4,38280,0,0,0,20,6,0
p4,38340,0,0,0,20,6,0
p4,38400,30,10,0,20,6,0
p4,38401,30,10,0,0,0,3
p4,38402,30,10,3,0,0,7
p4,38403,30,10,7,0,0,3
p4,38404,30,10,7,0,0,2
p4,38406,30,10,8,0,0,0
p4,38407,30,10,8,0,0,2
p4,38408,30,10,9,0,0,1
p4,38410,30,10,9,0,0,0
p4,38412,30,10,9,0,0,1
p4,38417,30,10,9,0,0,0
p4,38422,30,10,9,0,0,1
p4,38423,30,10,10,0,0,0
p4,38460,30,10,10,0,0,0
p4,38520,30,10,10,0,0,0
p4,38580,30,10,10,0,0,0
p4,38640,30,10,10,0,0,0
p4,38700,30,10,10,0,0,0
p4,38760,30,10,10,0,0,0
p4,38820,30,10,10,0,0,0
p4,38880,30,10,10,0,0,0
p4,38940,30,10,10,0,0,0
p4,39000,30,10,10,0,0,0
p4,39001,10,0,9,20,0,0
p4,39002,7,0,6,19,0,0
p4,39003,4,0,1,19,0,0
p4,39004,3,0,0,19,0,0
p4,39007,2,0,0,18,6,0
p4,39011,1,0,0,19,6,0
p4,39017,1,0,0,19,7,0
p4,39026,0,0,0,20,7,0
p4,39060,0,0,0,20,7,0
p4,39120,0,0,0,20,7,0
p4,39180,0,0,0,20,7,0
p4,39240,0,0,0,20,7,0
p4,39300,0,0,0,20,7,0
p4,39360,0,0,0,20,7,0
p4,39420,0,0,0,20,7,0
p4,39480,0,0,0,20,7,0
p4,39540,0,0,0,20,7,0
p4,39600,30,10,0,20,7,0
p4,39602,30,10,0,0,0,10
p4,39603,30,10,3,0,0,7
p4,39604,30,10,4,0,0,6
p4,39606,30,10,7,0,0,1
p4,39607,30,10,7,0,0,3
p4,39609,30,10,8,0,0,2
p4,39611,30,10,8,0,0,0
p4,39612,30,10,8,0,0,2
p4,39616,30,10,9,0,0,1
p4,39617,30,10,9,0,0,0
p4,39622,30,10,9,0,0,1
p4,39626,30,10,10,0,0,0
p4,39660,30,10,10,0,0,0
p4,39720,30,10,10,0,0,0
p4,39780,30,10,10,0,0,0
p4,39840,30,10,10,0,0,0
p4,39900,30,10,10,0,0,0
p4,39960,30,10,10,0,0,0
p4,40020,30,10,10,0,0,0
p4,40080,30,10,10,0,0,0
p4,40140,30,10,10,0,0,0
p4,40200,30,10,10,0,0,0
p4,40201,30,10,9,0,0,0
p4,40202,14,0,5,16,0,0
p4,40203,7,0,2,15,1,0
p4,40204,6,0,0,15,1,0
p4,40207,3,0,0,18,1,0
p4,40208,3,0,0,17,3,0
p4,40213,2,0,0,18,4,0
p4,40218,1,0,0,19,4,0
p4,40223,1,0,0,19,5,0
p4,40228,0,0,0,20,5,0
p4,40260,0,0,0,20,5,0
p4,40320,0,0,0,20,5,0
p4,40380,0,0,0,20,5,0
p4,40440,0,0,0,20,5,0
p4,40500,0,0,0,20,5,0
p4,40560,0,0,0,20,5,0
p4,40620,0,0,0,20,5,0
p4,40680,0,0,0,20,5,0
p4,40740,0,0,0,20,5,0
p4,40800,30,10,0,20,5,0
p4,40803,30,10,0,3,3,0
p4,40804,30,10,1,0,0,9
p4,40805,30,10,3,0,0,6
p4,40807,30,10,4,0,0,5
p4,40809,30,10,4,0,0,6
p4,40810,30,10,5,0,0,1
p4,40814,30,10,6,0,0,4
p4,40817,30,10,7,0,0,3
p4,40819,30,10,9,0,0,1
p4,40820,30,10,9,0,0,0
p4,40824,30,10,9,0,0,1
p4,40829,30,10,10,0,0,0
p4,40860,30,10,10,0,0,0
p4,40920,30,10,10,0,0,0
p4,40980,30,10,10,0,0,0
p4,41040,30,10,10,0,0,0
p4,41100,30,10,10,0,0,0
p4,41160,30,10,10,0,0,0
p4,41220,30,10,10,0,0,0
p4,41280,30,10,10,0,0,0
p4,41340,30,10,10,0,0,0
p4,41400,30,10,8,0,0,0
p4,41401,30,10,7,0,0,0
p4,41402,30,10,5,0,0,0
p4,41403,14,0,5,16,0,0
p4,41404,10,0,2,20,0,0
p4,41405,9,0,0,12,3,0
p4,41410,6,0,0,14,5,0
p4,41414,5,0,0,15,5,0
p4,41415,4,0,0,16,5,0
p4,41419,3,0,0,17,5,0
p4,41420,2,0,0,18,6,0
p4,41424,1,0,0,19,6,0
p4,41429,0,0,0,20,6,0
p4,41460,0,0,0,20,6,0
p4,41520,0,0,0,20,6,0
p4,41580,0,0,0,20,6,0
p4,41640,0,0,0,20,6,0
p4,41700,0,0,0,20,6,0
p4,41760,0,0,0,20,6,0
p4,41820,0,0,0,20,6,0
p4,41880,0,0,0,20,6,0
p4,41940,0,0,0,20,6,0
p4,42000,30,10,0,1,1,0
p4,42001,30,10,1,0,0,8
p4,42002,30,10,2,0,0,5
p4,42005,30,10,3,0,0,4
p4,42006,30,10,6,0,0,4
p4,42007,30,10,6,0,0,2
p4,42011,30,10,7,0,0,3
p4,42012,30,10,7,0,0,2
p4,42015,30,10,7,0,0,1
p4,42016,30,10,8,0,0,2
p4,42017,30,10,8,0,0,1
p4,42018,30,10,8,0,0,0
p4,42021,30,10,8,0,0,1
p4,42024,30,10,9,0,0,0
p4,42026,30,10,9,0,0,1
p4,42031,30,10,9,0,0,1
p4,42032,30,10,9,0,0,0
p4,42036,30,10,9,0,0,1
p4,42040,30,10,9,0,0,0
p4,42041,30,10,9,0,0,1
p4,42045,30,10,9,0,0,0
p4,42046,30,10,9,0,0,1
p4,42051,30,10,10,0,0,0
p4,42060,30,10,10,0,0,0
p4,42120,30,10,10,0,0,0
p4,42180,30,10,10,0,0,0
p4,42240,30,10,10,0,0,0
p4,42300,30,10,10,0,0,0
p4,42360,30,10,10,0,0,0
p4,42420,30,10,10,0,0,0
p4,42480,30,10,10,0,0,0
p4,42540,30,10,10,0,0,0
p4,42600,12,0,10,18,0,0
p4,42601,11,0,9,19,0,0
p4,42602,9,0,2,16,1,0
p4,42603,8,0,1,16,1,0
p4,42604,8,0,0,16,1,0
p4,42606,6,0,0,18,0,0
p4,42607,6,0,0,14,3,0
p4,42610,5,0,0,15,3,0
p4,42611,3,0,0,17,3,0
p4,42612,3,0,0,17,4,0
p4,42617,3,0,0,17,5,0
p4,42621,2,0,0,18,5,0
p4,42626,1,0,0,19,5,0
p4,42651,0,0,0,20,5,0
p4,42660,0,0,0,20,5,0
p4,42720,0,0,0,20,5,0
p4,42780,0,0,0,20,5,0
p4,42840,0,0,0,20,5,0
p4,42900,0,0,0,20,5,0
p4,42960,0,0,0,20,5,0
p4,43020,0,0,0,20,5,0
p4,43080,0,0,0,20,5,0
p4,43140,0,0,0,20,5,0
p4,43200,30,10,0,20,5,0
p4,43202,30,10,0,0,0,10
p4,43203,30,10,1,0,0,9
p4,43204,30,10,7,0,0,3
p4,43205,30,10,8,0,0,2
p4,43206,30,10,9,0,0,1
p4,43207,30,10,9,0,0,1
p4,43209,30,10,9,0,0,0
p4,43212,30,10,9,0,0,1
p4,43213,30,10,10,0,0,0
p4,43260,30,10,10,0,0,0
p4,43320,30,10,10,0,0,0
p4,43380,30,10,10,0,0,0
p4,43440,30,10,10,0,0,0
p4,43500,30,10,10,0,0,0
p4,43560,30,10,10,0,0,0
p4,43620,30,10,10,0,0,0
p4,43680,30,10,10,0,0,0
p4,43740,30,10,10,0,0,0
p4,43800,30,10,10,0,0,0
p4,43802,10,0,9,19,0,0
p4,43803,9,0,7,19,0,0
p4,43804,5,0,3,19,0,0
p4,43805,2,0,0,19,0,0
p4,43807,1,0,0,19,0,0
p4,43812,1,0,0,19,1,0
p4,43817,0,0,0,20,1,0
p4,43860,0,0,0,20,1,0
p4,43920,0,0,0,20,1,0
p4,43980,0,0,0,20,1,0
p4,44040,0,0,0,20,1,0
p4,44100,0,0,0,20,1,0
p4,44160,0,0,0,20,1,0
p4,44220,0,0,0,20,1,0
p4,44280,0,0,0,20,1,0
p4,44340,0,0,0,20,1,0
p4,44400,30,10,0,20,1,0
p4,44402,30,10,0,0,0,3
p4,44403,30,10,0,0,0,10
p4,44404,30,10,1,0,0,9
p4,44405,30,10,1,0,0,8
p4,44406,30,10,4,0,0,5
p4,44407,30,10,6,0,0,2
p4,44408,30,10,6,0,0,2
p4,44411,30,10,8,0,0,0
p4,44413,30,10,8,0,0,2
p4,44415,30,10,8,0,0,1
p4,44417,30,10,8,0,0,0
p4,44418,30,10,8,0,0,2
p4,44419,30,10,9,0,0,1
p4,44421,30,10,10,0,0,0
p4,44460,30,10,10,0,0,0
p4,44520,30,10,10,0,0,0
p4,44580,30,10,10,0,0,0
p4,44640,30,10,10,0,0,0
p4,44700,30,10,10,0,0,0
p4,44760,30,10,10,0,0,0
p4,44820,30,10,10,0,0,0
p4,44880,30,10,10,0,0,0
p4,44940,30,10,10,0,0,0
p4,45000,30,10,10,0,0,0
p4,45001,30,10,7,0,0,0
p4,45002,26,6,4,4,0,0
p4,45003,10,0,2,13,1,0
p4,45004,9,0,0,13,1,0
p4,45007,7,0,0,15,1,0
p4,45008,5,0,0,15,7,0
p4,45013,2,0,0,18,7,0
p4,45018,2,0,0,18,8,0
p4,45023,0,0,0,20,8,0
p4,45060,0,0,0,20,8,0
p4,45120,0,0,0,20,8,0
p4,45180,0,0,0,20,8,0
p4,45240,0,0,0,20,8,0
p4,45300,0,0,0,20,8,0
p4,45360,0,0,0,20,8,0
p4,45420,0,0,0,20,8,0
p4,45480,0,0,0,20,8,0
p4,45540,0,0,0,20,8,0
p4,45600,30,10,0,20,8,0
p4,45603,30,10,0,0,0,10
p4,45604,30,10,2,0,0,7
p4,45605,30,10,5,0,0,2
p4,45606,30,10,5,0,0,1
p4,45608,30,10,5,0,0,5
p4,45609,30,10,7,0,0,3
p4,45610,30,10,8,0,0,1
p4,45611,30,10,8,0,0,0
p4,45613,30,10,8,0,0,2
p4,45614,30,10,9,0,0,1
p4,45615,30,10,10,0,0,0
p4,45660,30,10,10,0,0,0
p4,45720,30,10,10,0,0,0
p4,45780,30,10,10,0,0,0
p4,45840,30,10,10,0,0,0
p4,45900,30,10,10,0,0,0
p4,45960,30,10,10,0,0,0
p4,46020,30,10,10,0,0,0
p4,46080,30,10,10,0,0,0
p4,46140,30,10,10,0,0,0
p4,46200,30,10,10,0,0,0
p4,46201,30,10,9,0,0,0
p4,46203,10,0,8,20,0,0
p4,46204,8,0,3,18,2,0
p4,46205,6,0,0,18,2,0
p4,46209,5,0,0,15,4,0
p4,46213,4,0,0,16,4,0
p4,46214,2,0,0,18,4,0
p4,46218,1,0,0,19,4,0
p4,46219,0,0,0,20,4,0
p4,46224,0,0,0,20,5,0
p4,46260,0,0,0,20,5,0
p4,46320,0,0,0,20,5,0
p4,46380,0,0,0,20,5,0
p4,46440,0,0,0,20,5,0
p4,46500,0,0,0,20,5,0
p4,46560,0,0,0,20,5,0
p4,46620,0,0,0,20,5,0
p4,46680,0,0,0,20,5,0
p4,46740,0,0,0,20,5,0
p4,46800,30,10,0,20,5,0
p4,46804,30,10,1,0,0,9
p4,46806,30,10,2,0,0,8
p4,46807,30,10,6,0,0,3
p4,46808,30,10,6,0,0,1
p4,46809,30,10,6,0,0,4
p4,46811,30,10,7,0,0,3
p4,46812,30,10,8,0,0,2
p4,46813,30,10,8,0,0,0
p4,46814,30,10,9,0,0,1
p4,46816,30,10,9,0,0,0
p4,46819,30,10,9,0,0,1
p4,46821,30,10,10,0,0,0
p4,46860,30,10,10,0,0,0
p4,46920,30,10,10,0,0,0
p4,46980,30,10,10,0,0,0
p4,47040,30,10,10,0,0,0
p4,47100,30,10,10,0,0,0
p4,47160,30,10,10,0,0,0
p4,47220,30,10,10,0,0,0
p4,47280,30,10,10,0,0,0
p4,47340,30,10,10,0,0,0
p4,47400,30,10,10,0,0,0
p4,47401,30,10,9,0,0,0
p4,47402,30,10,7,0,0,0
p4,47403,30,10,2,0,0,0
p4,47404,9,0,0,12,2,0
p4,47405,9,0,0,12,1,0
p4,47408,5,0,0,16,1,0
p4,47409,4,0,0,16,1,0
p4,47413,3,0,0,17,1,0
p4,47414,2,0,0,18,1,0
p4,47419,1,0,0,19,2,0
p4,47424,0,0,0,20,2,0
p4,47460,0,0,0,20,2,0
p4,47520,0,0,0,20,2,0
p4,47580,0,0,0,20,2,0
p4,47640,0,0,0,20,2,0
p4,47700,0,0,0,20,2,0
p4,47760,0,0,0,20,2,0
p4,47820,0,0,0,20,2,0
p4,47880,0,0,0,20,2,0
p4,47940,0,0,0,20,2,0
p4,48000,30,10,0,20,2,0
p4,48004,30,10,0,15,1,0
p4,48005,30,10,0,0,0,6
p4,48006,30,10,0,0,0,9
p4,48007,30,10,1,0,0,8
p4,48008,30,10,3,0,0,6
p4,48009,30,10,4,0,0,3
p4,48011,30,10,4,0,0,3
p4,48014,30,10,5,0,0,0
p4,48016,30,10,5,0,0,5
p4,48017,30,10,5,0,0,4
p4,48019,30,10,6,0,0,2
p4,48020,30,10,8,0,0,0
p4,48021,30,10,8,0,0,2
p4,48025,30,10,9,0,0,1
p4,48026,30,10,10,0,0,0
p4,48060,30,10,10,0,0,0
p4,48120,30,10,10,0,0,0
p4,48180,30,10,10,0,0,0
p4,48240,30,10,10,0,0,0
p4,48300,30,10,10,0,0,0
p4,48360,30,10,10,0,0,0
p4,48420,30,10,10,0,0,0
p4,48480,30,10,10,0,0,0
p4,48540,30,10,10,0,0,0
p4,48600,30,10,10,0,0,0
p4,48601,30,10,9,0,0,0
p4,48602,30,10,7,0,0,2
p4,48603,30,10,5,0,0,2
p4,48604,29,9,3,1,0,2
p4,48605,10,0,0,20,0,0
p4,48606,10,0,0,10,1,0
p4,48610,9,0,0,11,1,0
p4,48611,6,0,0,14,2,0
p4,48616,5,0,0,15,3,0
p4,48621,4,0,0,16,3,0
p4,48626,1,0,0,19,4,0
p4,48631,0,0,0,20,4,0
p4,48660,0,0,0,20,4,0
p4,48720,0,0,0,20,4,0
p4,48780,0,0,0,20,4,0
p4,48840,0,0,0,20,4,0
p4,48900,0,0,0,20,4,0
p4,48960,0,0,0,20,4,0
p4,49020,0,0,0,20,4,0
p4,49080,0,0,0,20,4,0
p4,49140,0,0,0,20,4,0
p4,49200,30,10,0,20,4,0
p4,49201,30,10,0,0,0,0
p4,49202,30,10,2,0,0,8
p4,49204,30,10,2,0,0,6
p4,49205,30,10,3,0,0,5
p4,49206,30,10,5,0,0,3
p4,49207,30,10,8,0,0,2
p4,49209,30,10,8,0,0,0
p4,49212,30,10,8,0,0,2
p4,49213,30,10,8,0,0,1
p4,49217,30,10,9,0,0,1
p4,49222,30,10,10,0,0,0
p4,49260,30,10,10,0,0,0
p4,49320,30,10,10,0,0,0
p4,49380,30,10,10,0,0,0
p4,49440,30,10,10,0,0,0
p4,49500,30,10,10,0,0,0
p4,49560,30,10,10,0,0,0
p4,49620,30,10,10,0,0,0
p4,49680,30,10,10,0,0,0
p4,49740,30,10,10,0,0,0
p4,49800,30,10,9,0,0,0
p4,49801,12,0,8,18,0,0
p4,49802,10,0,6,20,0,0
p4,49803,8,0,2,16,0,0
p4,49804,8,0,0,16,0,0
p4,49807,6,0,0,18,0,0
p4,49808,4,0,0,16,7,0
p4,49811,3,0,0,17,7,0
p4,49812,2,0,0,18,7,0
p4,49813,2,0,0,18,8,0
p4,49821,1,0,0,19,8,0
p4,49827,0,0,0,20,8,0
p4,49860,0,0,0,20,8,0
p4,49920,0,0,0,20,8,0
p4,49980,0,0,0,20,8,0
p4,50040,0,0,0,20,8,0
p4,50100,0,0,0,20,8,0
p4,50160,0,0,0,20,8,0
p4,50220,0,0,0,20,8,0
p4,50280,0,0,0,20,8,0
p4,50340,0,0,0,20,8,0
p4,50400,30,10,0,20,8,0
p4,50403,30,10,0,0,0,10
p4,50405,30,10,2,0,0,6
p4,50406,30,10,3,0,0,2
p4,50408,30,10,5,0,0,5
p4,50409,30,10,6,0,0,4
p4,50410,30,10,8,0,0,2
p4,50411,30,10,9,0,0,1
p4,50413,30,10,9,0,0,1
p4,50414,30,10,9,0,0,0
p4,50418,30,10,9,0,0,1
p4,50419,30,10,10,0,0,0
p4,50460,30,10,10,0,0,0
p4,50520,30,10,10,0,0,0
p4,50580,30,10,10,0,0,0
p4,50640,30,10,10,0,0,0
p4,50700,30,10,10,0,0,0
p4,50760,30,10,10,0,0,0
p4,50820,30,10,10,0,0,0
p4,50880,30,10,10,0,0,0
p4,50940,30,10,10,0,0,0
p4,51000,30,10,10,0,0,0
p4,51001,30,10,9,0,0,0
p4,51003,10,0,4,14,1,0
p4,51004,10,0,2,14,1,0
p4,51005,9,0,0,14,1,0
p4,51008,5,0,0,15,4,0
p4,51013,1,0,0,19,4,0
p4,51018,1,0,0,19,6,0
p4,51023,0,0,0,20,6,0
p4,51060,0,0,0,20,6,0
p4,51120,0,0,0,20,6,0
p4,51180,0,0,0,20,6,0
p4,51240,0,0,0,20,6,0
p4,51300,0,0,0,20,6,0
p4,51360,0,0,0,20,6,0
p4,51420,0,0,0,20,6,0
p4,51480,0,0,0,20,6,0
p4,51540,0,0,0,20,6,0
p4,51600,30,10,0,20,6,0
p4,51603,30,10,0,10,5,0
p4,51604,30,10,0,0,0,10
p4,51605,30,10,2,0,0,8
p4,51606,30,10,7,0,0,3
p4,51607,30,10,8,0,0,2
p4,51609,30,10,9,0,0,1
p4,51611,30,10,10,0,0,0
p4,51660,30,10,10,0,0,0
p4,51720,30,10,10,0,0,0
p4,51780,30,10,10,0,0,0
p4,51840,30,10,10,0,0,0
p4,51900,30,10,10,0,0,0
p4,51960,30,10,10,0,0,0
p4,52020,30,10,10,0,0,0
p4,52080,30,10,10,0,0,0
p4,52140,30,10,10,0,0,0
p4,52200,30,10,8,0,0,0
p4,52201,30,10,3,0,0,0
p4,52203,23,3,1,7,0,0
p4,52204,10,0,0,10,2,0
p4,52208,9,0,0,11,2,0
p4,52209,1,0,0,19,3,0
p4,52214,0,0,0,20,4,0
p4,52260,0,0,0,20,4,0
p4,52320,0,0,0,20,4,0
p4,52380,0,0,0,20,4,0
p4,52440,0,0,0,20,4,0
p4,52500,0,0,0,20,4,0
p4,52560,0,0,0,20,4,0
p4,52620,0,0,0,20,4,0
p4,52680,0,0,0,20,4,0
p4,52740,0,0,0,20,4,0
p4,52800,30,10,0,20,4,0
p4,52804,30,10,0,14,2,0
p4,52805,30,10,0,0,0,8
p4,52806,30,10,1,0,0,9
p4,52807,30,10,2,0,0,7
p4,52808,30,10,6,0,0,3
p4,52809,30,10,7,0,0,2
p4,52811,30,10,7,0,0,2
p4,52816,30,10,7,0,0,3
p4,52818,30,10,7,0,0,2
p4,52819,30,10,8,0,0,1
p4,52820,30,10,9,0,0,0
p4,52821,30,10,9,0,0,0
p4,52826,30,10,9,0,0,1
p4,52828,30,10,10,0,0,0
p4,52860,30,10,10,0,0,0
p4,52920,30,10,10,0,0,0
p4,52980,30,10,10,0,0,0
p4,53040,30,10,10,0,0,0
p4,53100,30,10,10,0,0,0
p4,53160,30,10,10,0,0,0
p4,53220,30,10,10,0,0,0
p4,53280,30,10,10,0,0,0
p4,53340,30,10,10,0,0,0
p4,53400,30,10,10,0,0,0
p4,53401,30,10,9,0,0,1
p4,53402,30,10,8,0,0,1
p4,53403,30,10,3,0,0,1
p4,53404,25,5,2,5,0,1
p4,53405,10,0,0,20,0,0
p4,53406,10,0,0,10,6,0
p4,53410,9,0,0,11,6,0
p4,53411,8,0,0,12,6,0
p4,53416,3,0,0,17,6,0
p4,53421,1,0,0,19,6,0
p4,53431,0,0,0,20,6,0
p4,53460,0,0,0,20,6,0
p4,53520,0,0,0,20,6,0
p4,53580,0,0,0,20,6,0
p4,53640,0,0,0,20,6,0
p4,53700,0,0,0,20,6,0
p4,53760,0,0,0,20,6,0
p4,53820,0,0,0,20,6,0
p4,53880,0,0,0,20,6,0
p4,53940,0,0,0,20,6,0
p4,54000,30,10,0,20,6,0
p4,54001,30,10,0,3,3,0
p4,54002,30,10,0,0,0,6
p4,54003,30,10,0,0,0,10
p4,54004,30,10,1,0,0,8
p4,54005,30,10,1,0,0,7
p4,54006,30,10,3,0,0,5
p4,54007,30,10,5,0,0,3
p4,54008,30,10,5,0,0,5
p4,54009,30,10,5,0,0,2
p4,54011,30,10,6,0,0,1
p4,54012,30,10,7,0,0,0
p4,54013,30,10,8,0,0,2
p4,54014,30,10,8,0,0,0
p4,54018,30,10,8,0,0,2
p4,54019,30,10,8,0,0,1
p4,54022,30,10,9,0,0,0
p4,54023,30,10,9,0,0,1
p4,54024,30,10,9,0,0,0
p4,54028,30,10,9,0,0,1
p4,54029,30,10,9,0,0,0
p4,54033,30,10,9,0,0,1
p4,54037,30,10,10,0,0,0
p4,54060,30,10,10,0,0,0
p4,54120,30,10,10,0,0,0
p4,54180,30,10,10,0,0,0
p4,54240,30,10,10,0,0,0
p4,54300,30,10,10,0,0,0
p4,54360,30,10,10,0,0,0
p4,54420,30,10,10,0,0,0
p4,54480,30,10,10,0,0,0
p4,54540,30,10,10,0,0,0
p4,54600,30,10,10,0,0,0
p4,54601,20,0,9,10,0,0
p4,54602,10,0,7,20,0,0
p4,54603,10,0,3,14,1,0
p4,54604,9,0,0,14,1,0
p4,54607,8,0,0,15,1,0
p4,54608,6,0,0,14,2,0
p4,54612,4,0,0,16,2,0
p4,54613,3,0,0,17,4,0
p4,54618,2,0,0,18,4,0
p4,54622,1,0,0,19,4,0
p4,54642,0,0,0,20,4,0
p4,54660,0,0,0,20,4,0
p4,54720,0,0,0,20,4,0
p4,54780,0,0,0,20,4,0
p4,54840,0,0,0,20,4,0
p4,54900,0,0,0,20,4,0
p4,54960,0,0,0,20,4,0
p4,55020,0,0,0,20,4,0
p4,55080,0,0,0,20,4,0
p4,55140,0,0,0,20,4,0
p4,55200,30,10,0,20,4,0
p4,55203,30,10,0,3,3,0
p4,55204,30,10,0,0,0,10
p4,55205,30,10,3,0,0,7
p4,55206,30,10,5,0,0,3
p4,55208,30,10,5,0,0,1
p4,55209,30,10,7,0,0,3
p4,55210,30,10,8,0,0,2
p4,55211,30,10,10,0,0,0
p4,55260,30,10,10,0,0,0
p4,55320,30,10,10,0,0,0
p4,55380,30,10,10,0,0,0
p4,55440,30,10,10,0,0,0
p4,55500,30,10,10,0,0,0
p4,55560,30,10,10,0,0,0
p4,55620,30,10,10,0,0,0
p4,55680,30,10,10,0,0,0
p4,55740,30,10,10,0,0,0
p4,55800,30,10,10,0,0,0
p4,55801,30,10,7,0,0,0
p4,55803,22,2,3,8,0,0
p4,55804,10,0,1,12,1,0
p4,55805,10,0,0,12,1,0
p4,55808,7,0,0,15,1,0
p4,55809,4,0,0,16,3,0
p4,55813,2,0,0,18,2,0
p4,55814,0,0,0,20,3,0
p4,55824,0,0,0,20,4,0
p4,55860,0,0,0,20,4,0
p4,55920,0,0,0,20,4,0
p4,55980,0,0,0,20,4,0
p4,56040,0,0,0,20,4,0
p4,56100,0,0,0,20,4,0
p4,56160,0,0,0,20,4,0
p4,56220,0,0,0,20,4,0
p4,56280,0,0,0,20,4,0
p4,56340,0,0,0,20,4,0
p4,56400,30,10,0,20,4,0
p4,56404,30,10,0,0,0,0
p4,56405,30,10,1,0,0,9
p4,56406,30,10,2,0,0,8
p4,56407,30,10,7,0,0,2
p4,56408,30,10,7,0,0,1
p4,56409,30,10,7,0,0,0
p4,56410,30,10,7,0,0,3
p4,56411,30,10,7,0,0,2
p4,56412,30,10,8,0,0,1
p4,56414,30,10,8,0,0,0
p4,56415,30,10,8,0,0,2
p4,56417,30,10,10,0,0,0
p4,56460,30,10,10,0,0,0
p4,56520,30,10,10,0,0,0
p4,56580,30,10,10,0,0,0
p4,56640,30,10,10,0,0,0
p4,56700,30,10,10,0,0,0
p4,56760,30,10,10,0,0,0
p4,56820,30,10,10,0,0,0
p4,56880,30,10,10,0,0,0
p4,56940,30,10,10,0,0,0
p4,57000,30,10,9,0,0,0
p4,57001,30,10,8,0,0,0
p4,57002,30,10,3,0,0,0
p4,57003,30,10,0,0,0,0
p4,57004,10,0,0,20,0,0
p4,57005,10,0,0,10,4,0
p4,57009,7,0,0,13,4,0
p4,57010,3,0,0,17,4,0
p4,57015,2,0,0,18,4,0
p4,57020,0,0,0,20,4,0
p4,57035,0,0,0,20,5,0
p4,57060,0,0,0,20,5,0
p4,57120,0,0,0,20,5,0
p4,57180,0,0,0,20,5,0
p4,57240,0,0,0,20,5,0
p4,57300,0,0,0,20,5,0
p4,57360,0,0,0,20,5,0
p4,57420,0,0,0,20,5,0
p4,57480,0,0,0,20,5,0
p4,57540,0,0,0,20,5,0
p4,57600,30,10,0,0,0,10
p4,57601,30,10,1,0,0,9
p4,57602,30,10,2,0,0,8
p4,57603,30,10,3,0,0,7
p4,57604,30,10,6,0,0,4
p4,57605,30,10,8,0,0,2
p4,57606,30,10,8,0,0,0
p4,57610,30,10,8,0,0,2
p4,57614,30,10,10,0,0,0
p4,57660,30,10,10,0,0,0
p4,57720,30,10,10,0,0,0
p4,57780,30,10,10,0,0,0
p4,57840,30,10,10,0,0,0
p4,57900,30,10,10,0,0,0
p4,57960,30,10,10,0,0,0
p4,58020,30,10,10,0,0,0
p4,58080,30,10,10,0,0,0
p4,58140,30,10,10,0,0,0
p4,58200,10,0,10,20,0,0
p4,58201,10,0,9,19,0,0
p4,58202,8,0,7,19,0,0
p4,58203,7,0,6,19,0,0
p4,58204,4,0,2,19,0,0
p4,58205,3,0,0,19,0,0
p4,58206,2,0,0,18,8,0
p4,58211,2,0,0,18,10,0
p4,58215,0,0,0,20,10,0
p4,58221,0,0,0,20,9,0
p4,58231,0,0,0,20,10,0
p4,58260,0,0,0,20,10,0
p4,58320,0,0,0,20,10,0
p4,58380,0,0,0,20,10,0
p4,58440,0,0,0,20,10,0
p4,58500,0,0,0,20,10,0
p4,58560,0,0,0,20,10,0
p4,58620,0,0,0,20,10,0
p4,58680,0,0,0,20,10,0
p4,58740,0,0,0,20,10,0
p4,58800,30,10,0,20,10,0
p4,58801,30,10,0,0,0,9
p4,58802,30,10,1,0,0,8
p4,58803,30,10,3,0,0,4
p4,58804,30,10,4,0,0,2
p4,58805,30,10,4,0,0,1
p4,58806,30,10,6,0,0,4
p4,58808,30,10,6,0,0,2
p4,58810,30,10,7,0,0,1
p4,58811,30,10,8,0,0,2
p4,58815,30,10,8,0,0,0
p4,58816,30,10,8,0,0,2
p4,58818,30,10,9,0,0,0
p4,58821,30,10,9,0,0,1
p4,58824,30,10,9,0,0,0
p4,58826,30,10,9,0,0,1
p4,58831,30,10,10,0,0,0
p4,58860,30,10,10,0,0,0
p4,58920,30,10,10,0,0,0
p4,58980,30,10,10,0,0,0
p4,59040,30,10,10,0,0,0
p4,59100,30,10,10,0,0,0
p4,59160,30,10,10,0,0,0
p4,59220,30,10,10,0,0,0
p4,59280,30,10,10,0,0,0
p4,59340,30,10,10,0,0,0
p4,59400,30,10,9,0,0,0
p4,59401,10,0,8,20,0,0
p4,59402,9,0,4,17,2,0
p4,59403,7,0,1,17,2,0
p4,59404,6,0,0,17,2,0
p4,59406,6,0,0,14,7,0
p4,59411,3,0,0,17,8,0
p4,59416,2,0,0,18,8,0
p4,59421,1,0,0,19,8,0
p4,59426,0,0,0,20,8,0
p4,59460,0,0,0,20,8,0
p4,59520,0,0,0,20,8,0
p4,59580,0,0,0,20,8,0
p4,59640,0,0,0,20,8,0
p4,59700,0,0,0,20,8,0
p4,59760,0,0,0,20,8,0
p4,59820,0,0,0,20,8,0
p4,59880,0,0,0,20,8,0
p4,59940,0,0,0,20,8,0
p4,60000,30,10,0,20,8,0
p4,60001,30,10,0,2,2,0
p4,60002,30,10,0,0,0,10
p4,60003,30,10,0,0,0,9
p4,60004,30,10,2,0,0,6
p4,60005,30,10,3,0,0,4
p4,60006,30,10,6,0,0,0
p4,60007,30,10,6,0,0,4
p4,60008,30,10,7,0,0,3
p4,60011,30,10,9,0,0,0
p4,60012,30,10,9,0,0,1
p4,60013,30,10,10,0,0,0
p4,60060,30,10,10,0,0,0
p4,60120,30,10,10,0,0,0
p4,60180,30,10,10,0,0,0
p4,60240,30,10,10,0,0,0
p4,60300,30,10,10,0,0,0
p4,60360,30,10,10,0,0,0
p4,60420,30,10,10,0,0,0
p4,60480,30,10,10,0,0,0
p4,60540,30,10,10,0,0,0
p4,60600,30,10,9,0,0,0
p4,60601,30,10,7,0,0,0
p4,60602,10,0,4,14,1,0
p4,60603,10,0,3,14,1,0
p4,60604,8,0,0,14,1,0
p4,60606,7,0,0,15,1,0
p4,60607,4,0,0,16,4,0
p4,60611,3,0,0,17,4,0
p4,60612,1,0,0,19,4,0
p4,60617,0,0,0,20,5,0
p4,60660,0,0,0,20,5,0
p4,60720,0,0,0,20,5,0
p4,60780,0,0,0,20,5,0
p4,60840,0,0,0,20,5,0
p4,60900,0,0,0,20,5,0
p4,60960,0,0,0,20,5,0
p4,61020,0,0,0,20,5,0
p4,61080,0,0,0,20,5,0
p4,61140,0,0,0,20,5,0
p4,61200,30,10,0,20,5,0
p4,61202,30,10,0,3,2,0
p4,61203,30,10,0,0,0,10
p4,61205,30,10,3,0,0,6
p4,61206,30,10,4,0,0,5
p4,61207,30,10,7,0,0,2
p4,61208,30,10,7,0,0,1
p4,61211,30,10,8,0,0,0
p4,61213,30,10,8,0,0,2
p4,61216,30,10,9,0,0,1
p4,61217,30,10,10,0,0,0
p4,61260,30,10,10,0,0,0
p4,61320,30,10,10,0,0,0
p4,61380,30,10,10,0,0,0
p4,61440,30,10,10,0,0,0
p4,61500,30,10,10,0,0,0
p4,61560,30,10,10,0,0,0
p4,61620,30,10,10,0,0,0
p4,61680,30,10,10,0,0,0
p4,61740,30,10,10,0,0,0
p4,61800,30,10,10,0,0,0
p4,61801,30,10,8,0,0,0
p4,61802,16,0,7,14,0,0
p4,61803,10,0,3,14,3,0
p4,61804,10,0,3,13,3,0
p4,61805,7,0,0,13,3,0
p4,61807,6,0,0,14,3,0
p4,61808,3,0,0,17,5,0
p4,61813,2,0,0,18,6,0
p4,61818,0,0,0,20,6,0
p4,61860,0,0,0,20,6,0
p4,61920,0,0,0,20,6,0
p4,61980,0,0,0,20,6,0
p4,62040,0,0,0,20,6,0
p4,62100,0,0,0,20,6,0
p4,62160,0,0,0,20,6,0
p4,62220,0,0,0,20,6,0
p4,62280,0,0,0,20,6,0
p4,62340,0,0,0,20,6,0
p4,62400,30,10,0,20,6,0
p4,62403,30,10,0,20,5,0
p4,62404,30,10,0,0,0,5
p4,62405,30,10,1,0,0,8
p4,62407,30,10,2,0,0,6
p4,62408,30,10,4,0,0,4
p4,62409,30,10,5,0,0,3
p4,62410,30,10,7,0,0,3
p4,62411,30,10,7,0,0,2
p4,62412,30,10,8,0,0,1
p4,62415,30,10,8,0,0,2
p4,62416,30,10,8,0,0,1
p4,62417,30,10,9,0,0,0
p4,62420,30,10,9,0,0,1
p4,62425,30,10,10,0,0,0
p4,62460,30,10,10,0,0,0
p4,62520,30,10,10,0,0,0
p4,62580,30,10,10,0,0,0
p4,62640,30,10,10,0,0,0
p4,62700,30,10,10,0,0,0
p4,62760,30,10,10,0,0,0
p4,62820,30,10,10,0,0,0
p4,62880,30,10,10,0,0,0
p4,62940,30,10,10,0,0,0
p4,63000,30,10,10,0,0,0
p4,63002,30,10,7,0,0,0
p4,63003,30,10,5,0,0,0
p4,63004,10,0,5,20,0,0
p4,63005,9,0,0,13,3,0
p4,63010,4,0,0,16,5,0
p4,63015,2,0,0,18,5,0
p4,63020,1,0,0,19,6,0
p4,63030,0,0,0,20,6,0
p4,63060,0,0,0,20,6,0
p4,63120,0,0,0,20,6,0
p4,63180,0,0,0,20,6,0
p4,63240,0,0,0,20,6,0
p4,63300,0,0,0,20,6,0
p4,63360,0,0,0,20,6,0
p4,63420,0,0,0,20,6,0
p4,63480,0,0,0,20,6,0
p4,63540,0,0,0,20,6,0
p4,63600,30,10,0,1,1,0
p4,63601,30,10,0,0,0,10
p4,63602,30,10,0,0,0,7
p4,63603,30,10,2,0,0,5
p4,63604,30,10,2,0,0,3
p4,63605,30,10,3,0,0,2
p4,63606,30,10,7,0,0,3
p4,63607,30,10,10,0,0,0
p4,63660,30,10,10,0,0,0
p4,63720,30,10,10,0,0,0
p4,63780,30,10,10,0,0,0
p4,63840,30,10,10,0,0,0
p4,63900,30,10,10,0,0,0
p4,63960,30,10,10,0,0,0
p4,64020,30,10,10,0,0,0
p4,64080,30,10,10,0,0,0
p4,64140,30,10,10,0,0,0
p4,64200,13,0,10,17,0,0
p4,64201,10,0,8,18,0,0
p4,64202,10,0,4,18,0,0
p4,64203,9,0,2,18,0,0
p4,64204,8,0,1,18,0,0
p4,64205,7,0,0,18,0,0
p4,64206,5,0,0,15,2,0
p4,64210,3,0,0,17,2,0
p4,64211,0,0,0,20,2,0
p4,64216,0,0,0,20,3,0
p4,64260,0,0,0,20,3,0
p4,64320,0,0,0,20,3,0
p4,64380,0,0,0,20,3,0
p4,64440,0,0,0,20,3,0
p4,64500,0,0,0,20,3,0
p4,64560,0,0,0,20,3,0
p4,64620,0,0,0,20,3,0
p4,64680,0,0,0,20,3,0
p4,64740,0,0,0,20,3,0
p4,64800,30,10,0,20,3,0
p4,64801,30,10,0,0,0,5
p4,64803,30,10,3,0,0,7
p4,64804,30,10,5,0,0,4
p4,64805,30,10,6,0,0,0
p4,64806,30,10,6,0,0,4
p4,64807,30,10,6,0,0,3
p4,64808,30,10,6,0,0,2
p4,64809,30,10,7,0,0,1
p4,64811,30,10,7,0,0,0
p4,64814,30,10,8,0,0,2
p4,64816,30,10,9,0,0,1
p4,64819,30,10,9,0,0,0
p4,64821,30,10,9,0,0,1
p4,64823,30,10,9,0,0,0
p4,64826,30,10,9,0,0,1
p4,64828,30,10,10,0,0,0
p4,64860,30,10,10,0,0,0
p4,64920,30,10,10,0,0,0
p4,64980,30,10,10,0,0,0
p4,65040,30,10,10,0,0,0
p4,65100,30,10,10,0,0,0
p4,65160,30,10,10,0,0,0
p4,65220,30,10,10,0,0,0
p4,65280,30,10,10,0,0,0
p4,65340,30,10,10,0,0,0
p4,65400,30,10,10,0,0,0
p4,65401,16,0,9,14,0,0
p4,65402,10,0,8,18,1,0
p4,65403,7,0,4,18,1,0
p4,65404,5,0,1,18,1,0
p4,65405,5,0,0,18,1,0
p4,65406,4,0,0,19,1,0
p4,65407,4,0,0,16,4,0
p4,65411,3,0,0,17,4,0
p4,65416,1,0,0,19,4,0
p4,65421,1,0,0,19,3,0
p4,65431,0,0,0,20,3,0
p4,65460,0,0,0,20,3,0
p4,65520,0,0,0,20,3,0
p4,65580,0,0,0,20,3,0
p4,65640,0,0,0,20,3,0
p4,65700,0,0,0,20,3,0
p4,65760,0,0,0,20,3,0
p4,65820,0,0,0,20,3,0
p4,65880,0,0,0,20,3,0
p4,65940,0,0,0,20,3,0
p4,66000,30,10,0,20,3,0
p4,66002,30,10,0,0,0,5
p4,66003,30,10,0,0,0,10
p4,66004,30,10,0,0,0,8
p4,66005,30,10,3,0,0,5
p4,66006,30,10,4,0,0,2
p4,66008,30,10,4,0,0,4
p4,66009,30,10,4,0,0,3
p4,66010,30,10,6,0,0,1
p4,66012,30,10,7,0,0,0
p4,66013,30,10,7,0,0,3
p4,66015,30,10,9,0,0,1
p4,66016,30,10,9,0,0,0
p4,66018,30,10,9,0,0,1
p4,66022,30,10,10,0,0,0
p4,66060,30,10,10,0,0,0
p4,66120,30,10,10,0,0,0
p4,66180,30,10,10,0,0,0
p4,66240,30,10,10,0,0,0
p4,66300,30,10,10,0,0,0
p4,66360,30,10,10,0,0,0
p4,66420,30,10,10,0,0,0
p4,66480,30,10,10,0,0,0
p4,66540,30,10,10,0,0,0
p4,66600,30,10,8,0,0,0
p4,66601,30,10,7,0,0,0
p4,66602,10,0,5,20,0,0
p4,66603,10,0,5,15,3,0
p4,66605,8,0,0,15,3,0
p4,66608,6,0,0,14,4,0
p4,66612,5,0,0,15,4,0
p4,66613,3,0,0,17,7,0
p4,66618,1,0,0,19,7,0
p4,66623,0,0,0,20,7,0
p4,66660,0,0,0,20,7,0
p4,66720,0,0,0,20,7,0
p4,66780,0,0,0,20,7,0
p4,66840,0,0,0,20,7,0
p4,66900,0,0,0,20,7,0
p4,66960,0,0,0,20,7,0
p4,67020,0,0,0,20,7,0
p4,67080,0,0,0,20,7,0
p4,67140,0,0,0,20,7,0
p4,67200,30,10,0,20,7,0
p4,67203,30,10,0,4,4,0
p4,67204,30,10,0,0,0,7
p4,67205,30,10,0,0,0,10
p4,67206,30,10,0,0,0,9
p4,67208,30,10,2,0,0,7
p4,67209,30,10,3,0,0,6
p4,67210,30,10,3,0,0,0
p4,67215,30,10,3,0,0,6
p4,67216,30,10,3,0,0,5
p4,67218,30,10,6,0,0,2
p4,67219,30,10,8,0,0,0
p4,67220,30,10,8,0,0,2
p4,67222,30,10,8,0,0,1
p4,67224,30,10,8,0,0,0
p4,67225,30,10,8,0,0,1
p4,67228,30,10,9,0,0,0
p4,67230,30,10,9,0,0,1
p4,67231,30,10,10,0,0,0
p4,67260,30,10,10,0,0,0
p4,67320,30,10,10,0,0,0
p4,67380,30,10,10,0,0,0
p4,67440,30,10,10,0,0,0
p4,67500,30,10,10,0,0,0
p4,67560,30,10,10,0,0,0
p4,67620,30,10,10,0,0,0
p4,67680,30,10,10,0,0,0
p4,67740,30,10,10,0,0,0
p4,67800,30,10,10,0,0,0
p4,67801,30,10,9,0,0,0
p4,67803,14,0,6,16,0,0
p4,67804,10,0,1,20,0,0
p4,67805,10,0,0,10,2,0
p4,67810,7,0,0,13,5,0
p4,67820,2,0,0,18,6,0
p4,67830,1,0,0,19,6,0
p4,67835,0,0,0,20,6,0
p4,67860,0,0,0,20,6,0
p4,67920,0,0,0,20,6,0
p4,67980,0,0,0,20,6,0
p4,68040,0,0,0,20,6,0
p4,68100,0,0,0,20,6,0
p4,68160,0,0,0,20,6,0
p4,68220,0,0,0,20,6,0
p4,68280,0,0,0,20,6,0
p4,68340,0,0,0,20,6,0
p4,68400,30,10,0,0,0,0
p4,68401,30,10,0,0,0,9
p4,68402,30,10,3,0,0,5
p4,68405,30,10,5,0,0,3
p4,68406,30,10,6,0,0,4
p4,68407,30,10,8,0,0,2
p4,68408,30,10,8,0,0,0
p4,68411,30,10,8,0,0,2
p4,68413,30,10,8,0,0,1
p4,68414,30,10,9,0,0,0
p4,68416,30,10,9,0,0,1
p4,68419,30,10,9,0,0,0
p4,68421,30,10,9,0,0,1
p4,68425,30,10,10,0,0,0
p4,68460,30,10,10,0,0,0
p4,68520,30,10,10,0,0,0
p4,68580,30,10,10,0,0,0
p4,68640,30,10,10,0,0,0
p4,68700,30,10,10,0,0,0
p4,68760,30,10,10,0,0,0
p4,68820,30,10,10,0,0,0
p4,68880,30,10,10,0,0,0
p4,68940,30,10,10,0,0,0
p4,69000,11,0,7,19,0,0
p4,69001,10,0,7,17,0,0
p4,69002,8,0,3,17,0,0
p4,69003,7,0,1,17,0,0
p4,69004,7,0,0,17,0,0
p4,69006,5,0,0,15,5,0
p4,69010,4,0,0,16,5,0
p4,69011,2,0,0,18,8,0
p4,69016,1,0,0,19,8,0
p4,69021,1,0,0,19,9,0
p4,69026,0,0,0,20,9,0
p4,69060,0,0,0,20,9,0
p4,69120,0,0,0,20,9,0
p4,69180,0,0,0,20,9,0
p4,69240,0,0,0,20,9,0
p4,69300,0,0,0,20,9,0
p4,69360,0,0,0,20,9,0
p4,69420,0,0,0,20,9,0
p4,69480,0,0,0,20,9,0
p4,69540,0,0,0,20,9,0
p4,69600,30,10,0,20,9,0
p4,69601,30,10,0,15,9,0
p4,69602,30,10,2,0,0,8
p4,69603,30,10,4,0,0,6
p4,69605,30,10,7,0,0,2
p4,69606,30,10,8,0,0,2
p4,69607,30,10,9,0,0,1
p4,69611,30,10,9,0,0,0
p4,69613,30,10,9,0,0,0
p4,69616,30,10,9,0,0,1
p4,69617,30,10,10,0,0,0
p4,69660,30,10,10,0,0,0
p4,69720,30,10,10,0,0,0
p4,69780,30,10,10,0,0,0
p4,69840,30,10,10,0,0,0
p4,69900,30,10,10,0,0,0
p4,69960,30,10,10,0,0,0
p4,70020,30,10,10,0,0,0
p4,70080,30,10,10,0,0,0
p4,70140,30,10,10,0,0,0
p4,70200,30,10,10,0,0,0
p4,70201,29,9,8,1,0,0
p4,70202,8,0,4,17,0,0
p4,70203,7,0,3,17,0,0
p4,70204,6,0,2,17,0,0
p4,70205,4,0,0,17,0,0
p4,70206,3,0,0,18,0,0
p4,70207,2,0,0,18,1,0
p4,70212,1,0,0,19,1,0
p4,70217,0,0,0,20,1,0
p4,70260,0,0,0,20,1,0
p4,70320,0,0,0,20,1,0
p4,70380,0,0,0,20,1,0
p4,70440,0,0,0,20,1,0
p4,70500,0,0,0,20,1,0
p4,70560,0,0,0,20,1,0
p4,70620,0,0,0,20,1,0
p4,70680,0,0,0,20,1,0
p4,70740,0,0,0,20,1,0
p4,70800,30,10,0,20,1,0
p4,70802,30,10,0,0,0,2
p4,70803,30,10,0,0,0,9
p4,70804,30,10,0,0,0,9
p4,70805,30,10,2,0,0,7
p4,70806,30,10,3,0,0,5
p4,70808,30,10,4,0,0,4
p4,70809,30,10,4,0,0,2
p4,70811,30,10,4,0,0,1
p4,70813,30,10,4,0,0,0
p4,70814,30,10,5,0,0,3
p4,70816,30,10,7,0,0,1
p4,70818,30,10,8,0,0,0
p4,70819,30,10,9,0,0,1
p4,70823,30,10,10,0,0,0
p4,70860,30,10,10,0,0,0
p4,70920,30,10,10,0,0,0
p4,70980,30,10,10,0,0,0
p4,71040,30,10,10,0,0,0
p4,71100,30,10,10,0,0,0
p4,71160,30,10,10,0,0,0
p4,71220,30,10,10,0,0,0
p4,71280,30,10,10,0,0,0
p4,71340,30,10,10,0,0,0
p4,71400,30,10,10,0,0,0
p4,71402,10,0,7,20,0,0
p4,71403,10,0,4,20,0,0
p4,71404,10,0,3,14,2,0
p4,71405,8,0,0,14,2,0
p4,71408,7,0,0,15,2,0
p4,71409,6,0,0,14,4,0
p4,71414,6,0,0,14,5,0
p4,71418,3,0,0,17,5,0
p4,71419,2,0,0,18,5,0
p4,71424,0,0,0,20,5,0
p4,71460,0,0,0,20,5,0
p4,71520,0,0,0,20,5,0
p4,71580,0,0,0,20,5,0
p4,71640,0,0,0,20,5,0
p4,71700,0,0,0,20,5,0
p4,71760,0,0,0,20,5,0
p4,71820,0,0,0,20,5,0
p4,71880,0,0,0,20,5,0
p4,71940,0,0,0,20,5,0
p4,72000,30,10,0,20,5,0
p4,72004,30,10,1,0,0,9
p4,72006,30,10,2,0,0,6
p4,72007,30,10,3,0,0,5
p4,72008,30,10,8,0,0,0
p4,72009,30,10,8,0,0,2
p4,72013,30,10,10,0,0,0
p4,72060,30,10,10,0,0,0
p4,72120,30,10,10,0,0,0
p4,72180,30,10,10,0,0,0
p4,72240,30,10,10,0,0,0
p4,72300,30,10,10,0,0,0
p4,72360,30,10,10,0,0,0
p4,72420,30,10,10,0,0,0
p4,72480,30,10,10,0,0,0
p4,72540,30,10,10,0,0,0
p4,72600,30,10,10,0,0,0
p4,72601,30,10,9,0,0,0
p4,72602,30,10,8,0,0,0
p4,72603,30,10,5,0,0,0
p4,72604,10,0,1,20,0,0
p4,72605,9,0,0,11,3,0
p4,72609,3,0,0,17,3,0
p4,72610,2,0,0,18,5,0
p4,72614,0,0,0,20,5,0
p4,72620,0,0,0,20,4,0
p4,72660,0,0,0,20,4,0
p4,72720,0,0,0,20,4,0
p4,72780,0,0,0,20,4,0
p4,72840,0,0,0,20,4,0
p4,72900,0,0,0,20,4,0
p4,72960,0,0,0,20,4,0
p4,73020,0,0,0,20,4,0
p4,73080,0,0,0,20,4,0
p4,73140,0,0,0,20,4,0
p4,73200,30,10,0,11,4,0
p4,73205,30,10,0,0,0,10
p4,73206,30,10,1,0,0,6
p4,73207,30,10,2,0,0,5
p4,73208,30,10,3,0,0,4
p4,73209,30,10,5,0,0,0
p4,73210,30,10,5,0,0,5
p4,73211,30,10,7,0,0,3
p4,73212,30,10,8,0,0,2
p4,73214,30,10,8,0,0,1
p4,73215,30,10,9,0,0,1
p4,73220,30,10,10,0,0,0
p4,73260,30,10,10,0,0,0
p4,73320,30,10,10,0,0,0
p4,73380,30,10,10,0,0,0
p4,73440,30,10,10,0,0,0
p4,73500,30,10,10,0,0,0
p4,73560,30,10,10,0,0,0
p4,73620,30,10,10,0,0,0
p4,73680,30,10,10,0,0,0
p4,73740,30,10,10,0,0,0
p4,73800,21,1,9,9,0,0
p4,73801,21,1,6,7,0,0
p4,73803,21,1,3,7,0,0
p4,73804,21,1,0,7,0,0
p4,73805,10,0,0,18,0,0
p4,73806,10,0,0,10,2,0
p4,73810,5,0,0,15,2,0
p4,73811,5,0,0,15,5,0
p4,73814,4,0,0,16,5,0
p4,73815,1,0,0,19,5,0
p4,73820,0,0,0,20,5,0
p4,73860,0,0,0,20,5,0
p4,73920,0,0,0,20,5,0
p4,73980,0,0,0,20,5,0
p4,74040,0,0,0,20,5,0
p4,74100,0,0,0,20,5,0
p4,74160,0,0,0,20,5,0
p4,74220,0,0,0,20,5,0
p4,74280,0,0,0,20,5,0
p4,74340,0,0,0,20,5,0
p4,74400,30,10,0,20,5,0
p4,74401,30,10,1,0,0,9
p4,74403,30,10,4,0,0,5
p4,74404,30,10,6,0,0,3
p4,74406,30,10,7,0,0,2
p4,74409,30,10,9,0,0,0
p4,74411,30,10,9,0,0,1
p4,74414,30,10,10,0,0,0
p4,74460,30,10,10,0,0,0
p4,74520,30,10,10,0,0,0
p4,74580,30,10,10,0,0,0
p4,74640,30,10,10,0,0,0
p4,74700,30,10,10,0,0,0
p4,74760,30,10,10,0,0,0
p4,74820,30,10,10,0,0,0
p4,74880,30,10,10,0,0,0
p4,74940,30,10,10,0,0,0
p4,75000,30,10,10,0,0,0
p4,75001,9,0,8,20,1,0
p4,75003,6,0,5,20,1,0
p4,75004,5,0,2,20,1,0
p4,75005,4,0,0,20,1,0
p4,75006,4,0,0,16,2,0
p4,75011,1,0,0,19,3,0
p4,75015,0,0,0,20,3,0
p4,75026,0,0,0,20,4,0
p4,75060,0,0,0,20,4,0
p4,75120,0,0,0,20,4,0
p4,75180,0,0,0,20,4,0
p4,75240,0,0,0,20,4,0
p4,75300,0,0,0,20,4,0
p4,75360,0,0,0,20,4,0
p4,75420,0,0,0,20,4,0
p4,75480,0,0,0,20,4,0
p4,75540,0,0,0,20,4,0
p4,75600,30,10,0,20,4,0
p4,75601,30,10,0,4,3,0
p4,75602,30,10,0,0,0,6
p4,75603,30,10,0,0,0,10
p4,75604,30,10,2,0,0,7
p4,75605,30,10,3,0,0,6
p4,75606,30,10,4,0,0,5
p4,75607,30,10,8,0,0,1
p4,75608,30,10,8,0,0,1
p4,75609,30,10,8,0,0,0
p4,75613,30,10,8,0,0,2
p4,75614,30,10,9,0,0,1
p4,75617,30,10,10,0,0,0
p4,75660,30,10,10,0,0,0
p4,75720,30,10,10,0,0,0
p4,75780,30,10,10,0,0,0
p4,75840,30,10,10,0,0,0
p4,75900,30,10,10,0,0,0
p4,75960,30,10,10,0,0,0
p4,76020,30,10,10,0,0,0
p4,76080,30,10,10,0,0,0
p4,76140,30,10,10,0,0,0
p4,76200,30,10,10,0,0,0
p4,76201,17,0,8,13,0,0
p4,76202,10,0,6,20,0,0
p4,76203,10,0,5,16,2,0
p4,76204,8,0,0,16,2,0
p4,76208,4,0,0,16,4,0
p4,76212,2,0,0,18,4,0
p4,76213,2,0,0,18,5,0
p4,76218,1,0,0,19,6,0
p4,76223,0,0,0,20,6,0
p4,76260,0,0,0,20,6,0
p4,76320,0,0,0,20,6,0
p4,76380,0,0,0,20,6,0
p4,76440,0,0,0,20,6,0
p4,76500,0,0,0,20,6,0
p4,76560,0,0,0,20,6,0
p4,76620,0,0,0,20,6,0
p4,76680,0,0,0,20,6,0
p4,76740,0,0,0,20,6,0
p4,76800,30,10,0,20,6,0
p4,76803,30,10,0,0,0,5
p4,76804,30,10,1,0,0,9
p4,76805,30,10,2,0,0,7
p4,76806,30,10,4,0,0,3
p4,76808,30,10,7,0,0,0
p4,76809,30,10,7,0,0,3
p4,76811,30,10,8,0,0,1
p4,76812,30,10,9,0,0,0
p4,76814,30,10,9,0,0,1
p4,76817,30,10,10,0,0,0
p4,76860,30,10,10,0,0,0
p4,76920,30,10,10,0,0,0
p4,76980,30,10,10,0,0,0
p4,77040,30,10,10,0,0,0
p4,77100,30,10,10,0,0,0
p4,77160,30,10,10,0,0,0
p4,77220,30,10,10,0,0,0
p4,77280,30,10,10,0,0,0
p4,77340,30,10,10,0,0,0
p4,77400,30,10,10,0,0,0
p4,77401,30,10,6,0,0,0
p4,77402,30,10,4,0,0,0
p4,77403,10,0,4,20,0,0
p4,77404,9,0,0,11,1,0
p4,77409,3,0,0,17,3,0
p4,77414,1,0,0,19,3,0
p4,77419,0,0,0,20,3,0
p4,77460,0,0,0,20,3,0
p4,77520,0,0,0,20,3,0
p4,77580,0,0,0,20,3,0
p4,77640,0,0,0,20,3,0
p4,77700,0,0,0,20,3,0
p4,77760,0,0,0,20,3,0
p4,77820,0,0,0,20,3,0
p4,77880,0,0,0,20,3,0
p4,77940,0,0,0,20,3,0
p4,78000,30,10,0,20,3,0
p4,78004,30,10,0,0,0,10
p4,78005,30,10,2,0,0,8
p4,78006,30,10,3,0,0,7
p4,78007,30,10,4,0,0,6
p4,78008,30,10,4,0,0,4
p4,78009,30,10,4,0,0,6
p4,78011,30,10,6,0,0,4
p4,78013,30,10,6,0,0,3
p4,78014,30,10,7,0,0,3
p4,78016,30,10,8,0,0,2
p4,78017,30,10,9,0,0,1
p4,78019,30,10,10,0,0,0
p4,78060,30,10,10,0,0,0
p4,78120,30,10,10,0,0,0
p4,78180,30,10,10,0,0,0
p4,78240,30,10,10,0,0,0
p4,78300,30,10,10,0,0,0
p4,78360,30,10,10,0,0,0
p4,78420,30,10,10,0,0,0
p4,78480,30,10,10,0,0,0
p4,78540,30,10,10,0,0,0
p4,78600,30,10,10,0,0,0
p4,78601,30,10,8,0,0,0
p4,78602,30,10,6,0,0,0
p4,78603,30,10,4,0,0,0
p4,78604,10,0,2,20,0,0
p4,78605,8,0,0,12,2,0
p4,78609,6,0,0,14,2,0
p4,78610,6,0,0,14,5,0
p4,78614,3,0,0,17,5,0
p4,78619,0,0,0,20,5,0
p4,78660,0,0,0,20,5,0
p4,78720,0,0,0,20,5,0
p4,78780,0,0,0,20,5,0
p4,78840,0,0,0,20,5,0
p4,78900,0,0,0,20,5,0
p4,78960,0,0,0,20,5,0
p4,79020,0,0,0,20,5,0
p4,79080,0,0,0,20,5,0
p4,79140,0,0,0,20,5,0
p4,79200,30,10,0,20,5,0
p4,79205,30,10,0,0,0,1
p4,79206,30,10,0,0,0,10
p4,79208,30,10,5,0,0,5
p4,79209,30,10,7,0,0,3
p4,79210,30,10,7,0,0,2
p4,79211,30,10,9,0,0,1
p4,79215,30,10,10,0,0,0
p4,79260,30,10,10,0,0,0
p4,79320,30,10,10,0,0,0
p4,79380,30,10,10,0,0,0
p4,79440,30,10,10,0,0,0
p4,79500,30,10,10,0,0,0
p4,79560,30,10,10,0,0,0
p4,79620,30,10,10,0,0,0
p4,79680,30,10,10,0,0,0
p4,79740,30,10,10,0,0,0
p4,79800,30,10,10,0,0,0
p4,79801,30,10,9,0,0,1
p4,79802,30,10,8,0,0,1
p4,79803,30,10,5,0,0,0
p4,79804,30,10,2,0,0,0
p4,79805,10,0,0,20,0,0
p4,79806,10,0,0,10,7,0
p4,79811,3,0,0,17,7,0
p4,79816,0,0,0,20,7,0
p4,79860,0,0,0,20,7,0
p4,79920,0,0,0,20,7,0
p4,79980,0,0,0,20,7,0
p4,80040,0,0,0,20,7,0
p4,80100,0,0,0,20,7,0
p4,80160,0,0,0,20,7,0
p4,80220,0,0,0,20,7,0
p4,80280,0,0,0,20,7,0
p4,80340,0,0,0,20,7,0
p4,80400,30,10,0,20,7,0
p4,80401,30,10,0,18,7,0
p4,80402,30,10,0,17,7,0
p4,80403,30,10,0,0,0,6
p4,80404,30,10,1,0,0,9
p4,80405,30,10,7,0,0,3
p4,80406,30,10,8,0,0,2
p4,80408,30,10,8,0,0,1
p4,80409,30,10,8,0,0,1
p4,80412,30,10,8,0,0,0
p4,80414,30,10,8,0,0,1
p4,80419,30,10,9,0,0,0
p4,80424,30,10,9,0,0,1
p4,80426,30,10,10,0,0,0
p4,80460,30,10,10,0,0,0
p4,80520,30,10,10,0,0,0
p4,80580,30,10,10,0,0,0
p4,80640,30,10,10,0,0,0
p4,80700,30,10,10,0,0,0
p4,80760,30,10,10,0,0,0
p4,80820,30,10,10,0,0,0
p4,80880,30,10,10,0,0,0
p4,80940,30,10,10,0,0,0
p4,81000,30,10,7,0,0,0
p4,81001,30,10,5,0,0,0
p4,81002,26,6,5,4,0,0
p4,81003,10,0,4,20,0,0
p4,81004,9,0,2,13,8,0
p4,81005,7,0,0,13,8,0
p4,81009,2,0,0,18,8,0
p4,81014,2,0,0,18,10,0
p4,81019,1,0,0,19,11,0
p4,81029,0,0,0,20,11,0
p4,81060,0,0,0,20,11,0
p4,81120,0,0,0,20,11,0
p4,81180,0,0,0,20,11,0
p4,81240,0,0,0,20,11,0
p4,81300,0,0,0,20,11,0
p4,81360,0,0,0,20,11,0
p4,81420,0,0,0,20,11,0
p4,81480,0,0,0,20,11,0
p4,81540,0,0,0,20,11,0
p4,81600,30,10,0,20,11,0
p4,81604,30,10,0,10,3,0
p4,81605,30,10,0,0,0,7
p4,81606,30,10,6,0,0,4
p4,81607,30,10,8,0,0,2
p4,81609,30,10,9,0,0,0
p4,81611,30,10,9,0,0,0
p4,81616,30,10,9,0,0,1
p4,81617,30,10,10,0,0,0
p4,81660,30,10,10,0,0,0
p4,81720,30,10,10,0,0,0
p4,81780,30,10,10,0,0,0
p4,81840,30,10,10,0,0,0
p4,81900,30,10,10,0,0,0
p4,81960,30,10,10,0,0,0
p4,82020,30,10,10,0,0,0
p4,82080,30,10,10,0,0,0
p4,82140,30,10,10,0,0,0
p4,82200,30,10,10,0,0,0
p4,82201,30,10,6,0,0,0
p4,82202,30,10,4,0,0,0
p4,82203,30,10,1,0,0,0
p4,82204,20,0,0,10,0,0
p4,82205,10,0,0,20,0,0
p4,82206,10,0,0,10,4,0
p4,82210,5,0,0,15,4,0
p4,82211,1,0,0,19,5,0
p4,82216,1,0,0,19,6,0
p4,82221,0,0,0,20,6,0
p4,82260,0,0,0,20,6,0
p4,82320,0,0,0,20,6,0
p4,82380,0,0,0,20,6,0
p4,82440,0,0,0,20,6,0
p4,82500,0,0,0,20,6,0
p4,82560,0,0,0,20,6,0
p4,82620,0,0,0,20,6,0
p4,82680,0,0,0,20,6,0
p4,82740,0,0,0,20,6,0
p4,82800,30,10,0,20,6,0
p4,82801,30,10,0,0,0,10
p4,82803,30,10,1,0,0,9
p4,82804,30,10,1,0,0,7
p4,82805,30,10,4,0,0,4
p4,82806,30,10,7,0,0,3
p4,82808,30,10,7,0,0,2
p4,82810,30,10,8,0,0,1
p4,82811,30,10,9,0,0,1
p4,82813,30,10,10,0,0,0
p4,82860,30,10,10,0,0,0
p4,82920,30,10,10,0,0,0
p4,82980,30,10,10,0,0,0
p4,83040,30,10,10,0,0,0
p4,83100,30,10,10,0,0,0
p4,83160,30,10,10,0,0,0
p4,83220,30,10,10,0,0,0
p4,83280,30,10,10,0,0,0
p4,83340,30,10,10,0,0,0
p4,83400,30,10,10,0,0,0
p4,83401,10,0,6,20,0,0
p4,83402,10,0,6,16,0,0
p4,83403,9,0,5,16,0,0
p4,83404,9,0,4,16,0,0
p4,83405,6,0,0,16,0,0
p4,83407,3,0,0,17,4,0
p4,83411,2,0,0,18,4,0
p4,83412,1,0,0,19,4,0
p4,83417,0,0,0,20,4,0
p4,83460,0,0,0,20,4,0
p4,83520,0,0,0,20,4,0
p4,83580,0,0,0,20,4,0
p4,83640,0,0,0,20,4,0
p4,83700,0,0,0,20,4,0
p4,83760,0,0,0,20,4,0
p4,83820,0,0,0,20,4,0
p4,83880,0,0,0,20,4,0
p4,83940,0,0,0,20,4,0
p4,84000,30,10,0,20,4,0
p4,84002,30,10,0,0,0,10
p4,84003,30,10,2,0,0,8
p4,84005,30,10,4,0,0,6
p4,84006,30,10,6,0,0,4
p4,84007,30,10,6,0,0,4
p4,84008,30,10,7,0,0,3
p4,84011,30,10,8,0,0,2
p4,84012,30,10,8,0,0,0
p4,84015,30,10,9,0,0,1
p4,84016,30,10,9,0,0,0
p4,84017,30,10,9,0,0,1
p4,84021,30,10,10,0,0,0
p4,84060,30,10,10,0,0,0
p4,84120,30,10,10,0,0,0
p4,84180,30,10,10,0,0,0
p4,84240,30,10,10,0,0,0
p4,84300,30,10,10,0,0,0
p4,84360,30,10,10,0,0,0
p4,84420,30,10,10,0,0,0
p4,84480,30,10,10,0,0,0
p4,84540,30,10,10,0,0,0
p4,84600,30,10,9,0,0,0
p4,84601,30,10,5,0,0,0
p4,84602,30,10,4,0,0,0
p4,84603,8,0,2,14,3,0
p4,84604,8,0,1,14,3,0
p4,84605,7,0,0,14,3,0
p4,84608,4,0,0,16,5,0
p4,84612,3,0,0,17,5,0
p4,84613,2,0,0,18,5,0
p4,84618,1,0,0,19,5,0
p4,84623,0,0,0,20,5,0
p4,84660,0,0,0,20,5,0
p4,84720,0,0,0,20,5,0
p4,84780,0,0,0,20,5,0
p4,84840,0,0,0,20,5,0
p4,84900,0,0,0,20,5,0
p4,84960,0,0,0,20,5,0
p4,85020,0,0,0,20,5,0
p4,85080,0,0,0,20,5,0
p4,85140,0,0,0,20,5,0
p4,85200,30,10,0,20,5,0
p4,85203,30,10,0,3,3,0
p4,85204,30,10,0,0,0,7
p4,85205,30,10,0,0,0,10
p4,85206,30,10,2,0,0,8
p4,85207,30,10,2,0,0,6
p4,85208,30,10,4,0,0,4
p4,85209,30,10,7,0,0,1
p4,85210,30,10,7,0,0,2
p4,85212,30,10,7,0,0,1
p4,85214,30,10,8,0,0,0
p4,85215,30,10,8,0,0,2
p4,85216,30,10,9,0,0,1
p4,85217,30,10,9,0,0,0
p4,85220,30,10,9,0,0,1
p4,85224,30,10,10,0,0,0
p4,85260,30,10,10,0,0,0
p4,85320,30,10,10,0,0,0
p4,85380,30,10,10,0,0,0
p4,85440,30,10,10,0,0,0
p4,85500,30,10,10,0,0,0
p4,85560,30,10,10,0,0,0
p4,85620,30,10,10,0,0,0
p4,85680,30,10,10,0,0,0
p4,85740,30,10,10,0,0,0
p4,85800,30,10,10,0,0,0
p4,85801,30,10,8,0,0,0
p4,85802,30,10,7,0,0,0
p4,85803,13,0,5,17,0,0
p4,85804,10,0,2,20,0,0
p4,85805,10,0,0,10,0,0
p4,85809,9,0,0,11,0,0
p4,85810,3,0,0,17,1,0
p4,85815,2,0,0,18,1,0
p4,85820,1,0,0,19,2,0
p4,85824,0,0,0,20,2,0
p4,85860,0,0,0,20,2,0
p4,85920,0,0,0,20,2,0
p4,85980,0,0,0,20,2,0
p4,86040,0,0,0,20,2,0
p4,86100,0,0,0,20,2,0
p4,86160,0,0,0,20,2,0
p4,86220,0,0,0,20,2,0
p4,86280,0,0,0,20,2,0
p4,86340,0,0,0,20,2,0
p4,86400,0,0,0,20,2,0
p4,86402,0,0,0,0,0,0
